Driver,Team,Grid,Finish,Points,Season,Round,Race,Country,Location,EventDate,Winner,AverageLap,FastestLap,MedianLap,LapConsistency,CompletedLaps,AverageSector1,AverageSector2,AverageSector3,AverageTyreLife,NumberOfStints,AirTemp,TrackTemp,Humidity,Pressure,WindSpeed,Rainfall
VER,Red Bull Racing,1.0,1.0,26.0,2024,1,Bahrain Grand Prix,Bahrain,Sakhir,2024-03-02,1,96.57442105263156,92.608,95.679,4.158272348787621,57,31.40801785714286,41.41484210526316,23.734122807017545,10.947368421052632,3,18.22738853503185,23.652866242038222,48.82165605095541,1017.1859872611466,0.7859872611464969,False
PER,Red Bull Racing,5.0,2.0,18.0,2024,1,Bahrain Grand Prix,Bahrain,Sakhir,2024-03-02,0,96.96840350877193,94.364,96.249,4.02623974190226,57,31.45264285714286,41.66915789473684,23.809157894736842,11.31578947368421,3,18.22738853503185,23.652866242038222,48.82165605095541,1017.1859872611466,0.7859872611464969,False
SAI,Ferrari,4.0,3.0,15.0,2024,1,Bahrain Grand Prix,Bahrain,Sakhir,2024-03-02,0,97.01494736842105,94.507,96.22,3.966655092414823,57,31.451392857142853,41.80921052631579,23.70973684210526,11.070175438596491,3,18.22738853503185,23.652866242038222,48.82165605095541,1017.1859872611466,0.7859872611464969,False
LEC,Ferrari,2.0,4.0,12.0,2024,1,Bahrain Grand Prix,Bahrain,Sakhir,2024-03-02,0,97.27036842105262,94.09,96.796,4.004776525919566,57,31.594267857142857,41.8139298245614,23.835982456140353,11.421052631578947,3,18.22738853503185,23.652866242038222,48.82165605095541,1017.1859872611466,0.7859872611464969,False
RUS,Mercedes,3.0,5.0,10.0,2024,1,Bahrain Grand Prix,Bahrain,Sakhir,2024-03-02,0,97.39526315789473,95.065,96.683,4.096813376299384,57,31.616321428571432,41.99159649122807,23.755438596491224,11.578947368421053,3,18.22738853503185,23.652866242038222,48.82165605095541,1017.1859872611466,0.7859872611464969,False
NOR,McLaren,7.0,6.0,8.0,2024,1,Bahrain Grand Prix,Bahrain,Sakhir,2024-03-02,0,97.42456140350878,94.476,96.62,4.076194058263979,57,31.554999999999996,41.86133333333334,23.95454385964912,11.228070175438596,3,18.22738853503185,23.652866242038222,48.82165605095541,1017.1859872611466,0.7859872611464969,False
HAM,Mercedes,9.0,7.0,6.0,2024,1,Bahrain Grand Prix,Bahrain,Sakhir,2024-03-02,0,97.45729824561403,94.722,96.694,4.049597448975252,57,31.525642857142856,42.03178947368421,23.83680701754386,11.31578947368421,3,18.22738853503185,23.652866242038222,48.82165605095541,1017.1859872611466,0.7859872611464969,False
PIA,McLaren,8.0,8.0,4.0,2024,1,Bahrain Grand Prix,Bahrain,Sakhir,2024-03-02,0,97.5583157894737,94.774,96.796,4.399028083232439,57,31.668839285714284,41.8651403508772,23.969228070175436,11.280701754385966,3,18.22738853503185,23.652866242038222,48.82165605095541,1017.1859872611466,0.7859872611464969,False
ALO,Aston Martin,6.0,9.0,2.0,2024,1,Bahrain Grand Prix,Bahrain,Sakhir,2024-03-02,0,97.88822807017542,94.199,97.265,4.177231187459428,57,31.71014285714286,42.10484210526316,24.028701754385963,11.43859649122807,3,18.22738853503185,23.652866242038222,48.82165605095541,1017.1859872611466,0.7859872611464969,False
STR,Aston Martin,12.0,10.0,1.0,2024,1,Bahrain Grand Prix,Bahrain,Sakhir,2024-03-02,0,98.20978947368421,95.632,97.175,4.214312754246118,57,31.698803571428574,42.345649122807025,23.99378947368421,11.947368421052632,3,18.22738853503185,23.652866242038222,48.82165605095541,1017.1859872611466,0.7859872611464969,False
ZHO,Kick Sauber,17.0,11.0,0.0,2024,1,Bahrain Grand Prix,Bahrain,Sakhir,2024-03-02,0,98.41966071428571,95.458,97.459,4.119504547777056,56,31.858054545454547,42.35673214285714,24.11428571428571,11.446428571428571,3,18.22738853503185,23.652866242038222,48.82165605095541,1017.1859872611466,0.7859872611464969,False
MAG,Haas F1 Team,15.0,12.0,0.0,2024,1,Bahrain Grand Prix,Bahrain,Sakhir,2024-03-02,0,98.44746428571429,95.57,97.947,4.122179114648799,56,31.760127272727267,42.384875,24.231,10.660714285714286,3,18.22738853503185,23.652866242038222,48.82165605095541,1017.1859872611466,0.7859872611464969,False
RIC,RB,14.0,13.0,0.0,2024,1,Bahrain Grand Prix,Bahrain,Sakhir,2024-03-02,0,98.45892857142857,95.163,97.8185,4.234646568303141,56,31.694072727272726,42.39876785714286,24.252446428571428,10.964285714285714,3,18.22738853503185,23.652866242038222,48.82165605095541,1017.1859872611466,0.7859872611464969,False
TSU,RB,11.0,14.0,0.0,2024,1,Bahrain Grand Prix,Bahrain,Sakhir,2024-03-02,0,98.46828571428571,95.833,97.6885,4.121196731375644,56,31.841236363636366,42.404125,24.16119642857143,10.142857142857142,3,18.22738853503185,23.652866242038222,48.82165605095541,1017.1859872611466,0.7859872611464969,False
ALB,Williams,13.0,15.0,0.0,2024,1,Bahrain Grand Prix,Bahrain,Sakhir,2024-03-02,0,98.51121428571427,95.723,97.94300000000001,4.150027617495337,56,31.880363636363636,42.43683928571428,24.129321428571426,10.017857142857142,3,18.22738853503185,23.652866242038222,48.82165605095541,1017.1859872611466,0.7859872611464969,False
HUL,Haas F1 Team,10.0,16.0,0.0,2024,1,Bahrain Grand Prix,Bahrain,Sakhir,2024-03-02,0,98.61382142857143,94.834,96.947,6.3130637342725295,56,32.16743636363636,42.20866071428571,24.0935,9.946428571428571,4,18.22738853503185,23.652866242038222,48.82165605095541,1017.1859872611466,0.7859872611464969,False
OCO,Alpine,19.0,17.0,0.0,2024,1,Bahrain Grand Prix,Bahrain,Sakhir,2024-03-02,0,98.86057142857143,96.226,98.0845,4.261362850105555,56,32.08150909090909,42.42891071428572,24.229249999999997,11.0,3,18.22738853503185,23.652866242038222,48.82165605095541,1017.1859872611466,0.7859872611464969,False
GAS,Alpine,20.0,18.0,0.0,2024,1,Bahrain Grand Prix,Bahrain,Sakhir,2024-03-02,0,98.8778392857143,94.805,97.9085,5.551159986154525,56,32.36654545454545,42.15969642857143,24.230589285714284,7.803571428571429,4,18.22738853503185,23.652866242038222,48.82165605095541,1017.1859872611466,0.7859872611464969,False
BOT,Kick Sauber,16.0,19.0,0.0,2024,1,Bahrain Grand Prix,Bahrain,Sakhir,2024-03-02,0,98.50374545454545,96.202,97.918,3.647031208765623,56,31.55937037037037,42.52233928571429,24.24991071428571,10.714285714285714,3,18.22738853503185,23.652866242038222,48.82165605095541,1017.1859872611466,0.7859872611464969,False
SAR,Williams,18.0,20.0,0.0,2024,1,Bahrain Grand Prix,Bahrain,Sakhir,2024-03-02,0,99.32735185185183,94.735,97.781,6.670282354232479,55,33.56296296296297,42.490054545454555,24.320054545454546,7.709090909090909,4,18.22738853503185,23.652866242038222,48.82165605095541,1017.1859872611466,0.7859872611464969,False
VER,Red Bull Racing,1.0,1.0,25.0,2024,2,Saudi Arabian Grand Prix,Saudi Arabia,Jeddah,2024-03-09,1,93.60822916666666,91.773,92.84049999999999,4.37792813253019,50,35.444326530612244,30.45056,30.960099999999997,19.48,2,25.528082191780825,31.59315068493151,62.33561643835616,1012.6828767123288,1.3027397260273974,False
PER,Red Bull Racing,3.0,2.0,18.0,2024,2,Saudi Arabian Grand Prix,Saudi Arabia,Jeddah,2024-03-09,0,93.86772916666666,92.273,92.9,4.629237048207069,50,35.559448979591835,30.5852,30.853059999999996,19.48,2,25.528082191780825,31.59315068493151,62.33561643835616,1012.6828767123288,1.3027397260273974,False
LEC,Ferrari,2.0,3.0,16.0,2024,2,Saudi Arabian Grand Prix,Saudi Arabia,Jeddah,2024-03-09,0,94.10120833333332,91.632,93.3345,4.640541535522315,50,35.636204081632656,30.664179999999998,30.906999999999996,19.48,2,25.528082191780825,31.59315068493151,62.33561643835616,1012.6828767123288,1.3027397260273974,False
PIA,McLaren,5.0,4.0,12.0,2024,2,Saudi Arabian Grand Prix,Saudi Arabia,Jeddah,2024-03-09,0,94.4689375,92.31,93.754,4.894306129102708,50,35.80277551020408,30.671680000000002,30.976440000000004,20.34,2,25.528082191780825,31.59315068493151,62.33561643835616,1012.6828767123288,1.3027397260273974,False
ALO,Aston Martin,4.0,5.0,10.0,2024,2,Saudi Arabian Grand Prix,Saudi Arabia,Jeddah,2024-03-09,0,94.55775000000001,92.387,93.852,4.919236087122782,50,35.77628571428571,30.724540000000005,31.031640000000003,20.48,2,25.528082191780825,31.59315068493151,62.33561643835616,1012.6828767123288,1.3027397260273974,False
RUS,Mercedes,7.0,6.0,8.0,2024,2,Saudi Arabian Grand Prix,Saudi Arabia,Jeddah,2024-03-09,0,94.75318750000001,92.254,93.926,5.2285552443116785,50,36.027306122448984,30.65352,30.90326,19.48,2,25.528082191780825,31.59315068493151,62.33561643835616,1012.6828767123288,1.3027397260273974,False
BEA,Ferrari,11.0,7.0,6.0,2024,2,Saudi Arabian Grand Prix,Saudi Arabia,Jeddah,2024-03-09,0,96.0482448979592,92.186,93.808,9.311536139225836,50,35.92681632653062,30.79538,30.885120000000008,19.48,2,25.528082191780825,31.59315068493151,62.33561643835616,1012.6828767123288,1.3027397260273974,False
NOR,McLaren,6.0,8.0,4.0,2024,2,Saudi Arabian Grand Prix,Saudi Arabia,Jeddah,2024-03-09,0,94.85802083333334,91.944,93.745,5.516678751419668,50,35.67591836734694,30.803340000000002,31.22104,17.44,2,25.528082191780825,31.59315068493151,62.33561643835616,1012.6828767123288,1.3027397260273974,False
HAM,Mercedes,8.0,9.0,2.0,2024,2,Saudi Arabian Grand Prix,Saudi Arabia,Jeddah,2024-03-09,0,94.95504166666667,91.746,93.96700000000001,5.590564802123089,50,36.19218367346939,30.54428,30.98966,16.26,2,25.528082191780825,31.59315068493151,62.33561643835616,1012.6828767123288,1.3027397260273974,False
HUL,Haas F1 Team,15.0,10.0,1.0,2024,2,Saudi Arabian Grand Prix,Saudi Arabia,Jeddah,2024-03-09,0,95.76462499999998,92.366,94.71449999999999,5.927385597934029,50,36.264714285714284,30.919040000000006,31.101119999999995,14.28,2,25.528082191780825,31.59315068493151,62.33561643835616,1012.6828767123288,1.3027397260273974,False
ALB,Williams,12.0,11.0,0.0,2024,2,Saudi Arabian Grand Prix,Saudi Arabia,Jeddah,2024-03-09,0,96.97232653061225,92.307,95.441,8.990484352422646,50,36.66787755102041,30.87632,30.981999999999992,19.48,2,25.528082191780825,31.59315068493151,62.33561643835616,1012.6828767123288,1.3027397260273974,False
MAG,Haas F1 Team,13.0,12.0,0.0,2024,2,Saudi Arabian Grand Prix,Saudi Arabia,Jeddah,2024-03-09,0,96.91802040816327,92.338,95.553,9.02885716395352,50,36.576632653061225,30.915039999999998,30.985539999999997,19.48,2,25.528082191780825,31.59315068493151,62.33561643835616,1012.6828767123288,1.3027397260273974,False
OCO,Alpine,17.0,13.0,0.0,2024,2,Saudi Arabian Grand Prix,Saudi Arabia,Jeddah,2024-03-09,0,97.31054166666668,93.481,95.434,8.887831530658978,49,36.7568125,30.98034693877551,31.064102040816326,19.0,2,25.528082191780825,31.59315068493151,62.33561643835616,1012.6828767123288,1.3027397260273974,False
SAR,Williams,19.0,14.0,0.0,2024,2,Saudi Arabian Grand Prix,Saudi Arabia,Jeddah,2024-03-09,0,97.349375,93.026,95.6215,8.765516820643192,49,36.747791666666664,31.037918367346936,31.05673469387755,19.0,2,25.528082191780825,31.59315068493151,62.33561643835616,1012.6828767123288,1.3027397260273974,False
TSU,RB,9.0,15.0,0.0,2024,2,Saudi Arabian Grand Prix,Saudi Arabia,Jeddah,2024-03-09,0,97.27591666666667,93.523,95.582,9.186265619687957,49,36.856520833333335,30.997306122448983,31.0125306122449,19.0,2,25.528082191780825,31.59315068493151,62.33561643835616,1012.6828767123288,1.3027397260273974,False
RIC,RB,14.0,16.0,0.0,2024,2,Saudi Arabian Grand Prix,Saudi Arabia,Jeddah,2024-03-09,0,97.29741666666666,93.323,95.674,7.464481552256097,49,36.106191489361706,30.92383673469388,30.65312244897959,19.0,2,25.528082191780825,31.59315068493151,62.33561643835616,1012.6828767123288,1.3027397260273974,False
BOT,Kick Sauber,16.0,17.0,0.0,2024,2,Saudi Arabian Grand Prix,Saudi Arabia,Jeddah,2024-03-09,0,97.68866666666666,92.706,95.721,9.149037622528379,49,36.910645833333334,31.07616326530612,31.201918367346938,11.0,3,25.528082191780825,31.59315068493151,62.33561643835616,1012.6828767123288,1.3027397260273974,False
ZHO,Kick Sauber,20.0,18.0,0.0,2024,2,Saudi Arabian Grand Prix,Saudi Arabia,Jeddah,2024-03-09,0,98.04847916666665,92.208,95.116,11.25002061840112,49,37.08583333333333,31.00246938775511,31.213489795918363,18.306122448979593,2,25.528082191780825,31.59315068493151,62.33561643835616,1012.6828767123288,1.3027397260273974,False
STR,Aston Martin,10.0,19.0,0.0,2024,2,Saudi Arabian Grand Prix,Saudi Arabia,Jeddah,2024-03-09,0,97.1216,95.56,95.79,2.9731662079338927,6,35.4545,30.3216,30.3014,4.5,1,25.528082191780825,31.59315068493151,62.33561643835616,1012.6828767123288,1.3027397260273974,False
GAS,Alpine,18.0,20.0,0.0,2024,2,Saudi Arabian Grand Prix,Saudi Arabia,Jeddah,2024-03-09,0,121.453,121.453,121.453,,1,,36.134,40.034,1.0,1,25.528082191780825,31.59315068493151,62.33561643835616,1012.6828767123288,1.3027397260273974,False
SAI,Ferrari,2.0,1.0,25.0,2024,3,Australian Grand Prix,Australia,Melbourne,2024-03-24,1,83.22143103448276,80.031,81.578,5.638843785032746,58,28.811263157894736,18.432379310344828,35.88368965517241,10.586206896551724,3,20.62222222222222,38.40208333333333,44.451388888888886,1020.6013888888889,0.9534722222222223,False
LEC,Ferrari,4.0,2.0,19.0,2024,3,Australian Grand Prix,Australia,Melbourne,2024-03-24,0,83.26222413793103,79.813,81.9085,5.240058711480056,58,28.882859649122803,18.227741379310345,36.033534482758625,11.551724137931034,3,20.62222222222222,38.40208333333333,44.451388888888886,1020.6013888888889,0.9534722222222223,False
NOR,McLaren,3.0,3.0,15.0,2024,3,Australian Grand Prix,Australia,Melbourne,2024-03-24,0,83.32322413793102,79.915,81.803,5.3789395845411745,58,28.914263157894737,18.281689655172414,36.01798275862069,11.568965517241379,3,20.62222222222222,38.40208333333333,44.451388888888886,1020.6013888888889,0.9534722222222223,False
PIA,McLaren,5.0,4.0,12.0,2024,3,Australian Grand Prix,Australia,Melbourne,2024-03-24,0,83.83815517241379,80.199,82.072,6.623560215085806,58,29.249701754385963,18.266241379310348,36.20513793103448,12.913793103448276,3,20.62222222222222,38.40208333333333,44.451388888888886,1020.6013888888889,0.9534722222222223,False
PER,Red Bull Racing,6.0,5.0,10.0,2024,3,Australian Grand Prix,Australia,Melbourne,2024-03-24,0,84.19227586206898,80.388,82.13900000000001,6.824685594694064,58,29.184842105263154,18.487189655172415,36.38713793103449,10.551724137931034,3,20.62222222222222,38.40208333333333,44.451388888888886,1020.6013888888889,0.9534722222222223,False
STR,Aston Martin,9.0,6.0,8.0,2024,3,Australian Grand Prix,Australia,Melbourne,2024-03-24,0,84.82870689655172,80.93,83.061,6.743054368075997,58,29.152,18.73956896551724,36.79894827586207,13.10344827586207,3,20.62222222222222,38.40208333333333,44.451388888888886,1020.6013888888889,0.9534722222222223,False
TSU,RB,8.0,7.0,6.0,2024,3,Australian Grand Prix,Australia,Melbourne,2024-03-24,0,84.86972413793104,81.134,83.03999999999999,6.360524078575914,58,29.237350877192977,18.86793103448276,36.619120689655176,11.655172413793103,3,20.62222222222222,38.40208333333333,44.451388888888886,1020.6013888888889,0.9534722222222223,False
ALO,Aston Martin,10.0,8.0,4.0,2024,3,Australian Grand Prix,Australia,Melbourne,2024-03-24,0,84.61784482758623,80.493,82.7415,7.5546866615662145,58,29.15314035087719,18.559741379310342,36.74351724137931,11.448275862068966,3,20.62222222222222,38.40208333333333,44.451388888888886,1020.6013888888889,0.9534722222222223,False
HUL,Haas F1 Team,16.0,9.0,2.0,2024,3,Australian Grand Prix,Australia,Melbourne,2024-03-24,0,85.02406896551723,81.145,83.0565,6.987070238767898,58,29.372894736842103,18.809293103448276,36.66403448275862,10.344827586206897,3,20.62222222222222,38.40208333333333,44.451388888888886,1020.6013888888889,0.9534722222222223,False
MAG,Haas F1 Team,14.0,10.0,1.0,2024,3,Australian Grand Prix,Australia,Melbourne,2024-03-24,0,84.75305263157895,81.082,83.315,5.773300728418007,57,29.324035714285714,18.435385964912278,36.82514035087719,11.912280701754385,3,20.62222222222222,38.40208333333333,44.451388888888886,1020.6013888888889,0.9534722222222223,False
ALB,Williams,12.0,11.0,0.0,2024,3,Australian Grand Prix,Australia,Melbourne,2024-03-24,0,84.76933333333334,81.618,83.066,5.535442143694619,57,29.373892857142856,18.52885964912281,36.70201754385965,12.578947368421053,3,20.62222222222222,38.40208333333333,44.451388888888886,1020.6013888888889,0.9534722222222223,False
RIC,RB,18.0,12.0,0.0,2024,3,Australian Grand Prix,Australia,Melbourne,2024-03-24,0,84.883350877193,81.239,83.105,6.08514729981132,57,29.443357142857142,18.610947368421055,36.640368421052635,12.649122807017545,3,20.62222222222222,38.40208333333333,44.451388888888886,1020.6013888888889,0.9534722222222223,False
GAS,Alpine,17.0,13.0,0.0,2024,3,Australian Grand Prix,Australia,Melbourne,2024-03-24,0,85.31221052631581,81.09,83.245,7.5195350961366,57,29.606285714285715,18.63315789473684,36.89242105263157,10.333333333333334,3,20.62222222222222,38.40208333333333,44.451388888888886,1020.6013888888889,0.9534722222222223,False
BOT,Kick Sauber,13.0,14.0,0.0,2024,3,Australian Grand Prix,Australia,Melbourne,2024-03-24,0,85.42401754385963,81.422,82.976,8.316050879583987,57,29.563875,18.82582456140351,36.88210526315789,12.43859649122807,3,20.62222222222222,38.40208333333333,44.451388888888886,1020.6013888888889,0.9534722222222223,False
ZHO,Kick Sauber,19.0,15.0,0.0,2024,3,Australian Grand Prix,Australia,Melbourne,2024-03-24,0,85.45852631578947,81.327,83.196,7.54766097189166,57,29.45530357142857,18.80285964912281,36.956385964912286,12.947368421052632,3,20.62222222222222,38.40208333333333,44.451388888888886,1020.6013888888889,0.9534722222222223,False
OCO,Alpine,15.0,16.0,0.0,2024,3,Australian Grand Prix,Australia,Melbourne,2024-03-24,0,85.62845614035088,81.354,82.989,7.817078679016532,57,29.60332142857143,18.69215789473684,37.163649122807016,11.385964912280702,4,20.62222222222222,38.40208333333333,44.451388888888886,1020.6013888888889,0.9534722222222223,False
RUS,Mercedes,7.0,17.0,0.0,2024,3,Australian Grand Prix,Australia,Melbourne,2024-03-24,0,83.65596428571429,80.284,82.7065,4.021696389988528,57,28.849890909090913,18.26451785714286,36.40264285714286,14.333333333333334,3,20.62222222222222,38.40208333333333,44.451388888888886,1020.6013888888889,0.9534722222222223,False
HAM,Mercedes,11.0,18.0,0.0,2024,3,Australian Grand Prix,Australia,Melbourne,2024-03-24,0,85.2284,82.444,83.436,4.340288795526334,16,29.553357142857145,18.181066666666666,36.9288,4.5625,2,20.62222222222222,38.40208333333333,44.451388888888886,1020.6013888888889,0.9534722222222223,False
VER,Red Bull Racing,1.0,19.0,0.0,2024,3,Australian Grand Prix,Australia,Melbourne,2024-03-24,0,84.89066666666668,83.115,84.099,2.2771614640453883,4,29.057333333333332,18.44075,35.78933333333333,2.5,1,20.62222222222222,38.40208333333333,44.451388888888886,1020.6013888888889,0.9534722222222223,False
VER,Red Bull Racing,1.0,1.0,26.0,2024,4,Japanese Grand Prix,Japan,Suzuka,2024-04-07,1,97.63750980392159,93.706,96.437,6.262666765436428,53,35.46863999999999,43.5153962264151,19.27458490566038,9.377358490566039,4,21.691160220994476,37.50110497237569,43.430939226519335,1012.3723756906077,2.2408839779005527,False
PER,Red Bull Racing,2.0,2.0,18.0,2024,4,Japanese Grand Prix,Japan,Suzuka,2024-04-07,0,97.90370588235294,93.945,96.733,6.316825026210928,53,35.454640000000005,43.726056603773586,19.352264150943395,9.452830188679245,4,21.691160220994476,37.50110497237569,43.430939226519335,1012.3723756906077,2.2408839779005527,False
SAI,Ferrari,4.0,3.0,15.0,2024,4,Japanese Grand Prix,Japan,Suzuka,2024-04-07,0,98.13513725490199,93.841,96.948,6.918163915431921,53,35.65906,43.766113207547185,19.303528301886793,9.641509433962264,4,21.691160220994476,37.50110497237569,43.430939226519335,1012.3723756906077,2.2408839779005527,False
LEC,Ferrari,8.0,4.0,12.0,2024,4,Japanese Grand Prix,Japan,Suzuka,2024-04-07,0,98.53758823529411,95.044,96.778,8.538609156476177,53,36.57707843137255,43.983566037735855,19.57650943396226,13.283018867924529,3,21.691160220994476,37.50110497237569,43.430939226519335,1012.3723756906077,2.2408839779005527,False
NOR,McLaren,3.0,5.0,10.0,2024,4,Japanese Grand Prix,Japan,Suzuka,2024-04-07,0,98.26139215686275,95.186,96.412,6.563064942779193,53,35.65401999999999,43.851735849056595,19.364226415094336,10.641509433962264,4,21.691160220994476,37.50110497237569,43.430939226519335,1012.3723756906077,2.2408839779005527,False
ALO,Aston Martin,5.0,6.0,8.0,2024,4,Japanese Grand Prix,Japan,Suzuka,2024-04-07,0,98.63931372549018,94.726,97.359,7.130848349222402,53,35.8362,43.79937735849056,19.55622641509434,9.641509433962264,4,21.691160220994476,37.50110497237569,43.430939226519335,1012.3723756906077,2.2408839779005527,False
RUS,Mercedes,9.0,7.0,6.0,2024,4,Japanese Grand Prix,Japan,Suzuka,2024-04-07,0,98.97890196078433,94.404,96.776,9.47350610334928,53,36.85509803921568,43.94775471698114,19.754679245283018,9.50943396226415,4,21.691160220994476,37.50110497237569,43.430939226519335,1012.3723756906077,2.2408839779005527,False
PIA,McLaren,6.0,8.0,4.0,2024,4,Japanese Grand Prix,Japan,Suzuka,2024-04-07,0,98.76094117647058,94.802,97.364,7.715525274177422,53,36.99970588235294,43.99067924528302,19.55173584905661,9.79245283018868,4,21.691160220994476,37.50110497237569,43.430939226519335,1012.3723756906077,2.2408839779005527,False
HAM,Mercedes,7.0,9.0,2.0,2024,4,Japanese Grand Prix,Japan,Suzuka,2024-04-07,0,98.92286274509802,93.952,96.746,8.632383937290113,53,36.96276470588236,44.04701886792455,19.61230188679245,9.60377358490566,4,21.691160220994476,37.50110497237569,43.430939226519335,1012.3723756906077,2.2408839779005527,False
TSU,RB,10.0,10.0,1.0,2024,4,Japanese Grand Prix,Japan,Suzuka,2024-04-07,0,100.2397,96.342,97.6215,10.529678449748696,52,36.348795918367344,44.38078431372549,19.42207843137255,12.01923076923077,4,21.691160220994476,37.50110497237569,43.430939226519335,1012.3723756906077,2.2408839779005527,False
HUL,Haas F1 Team,12.0,11.0,0.0,2024,4,Japanese Grand Prix,Japan,Suzuka,2024-04-07,0,100.18243999999999,95.325,98.69900000000001,9.976473016214966,52,37.593360000000004,44.33742307692308,19.844903846153844,11.75,4,21.691160220994476,37.50110497237569,43.430939226519335,1012.3723756906077,2.2408839779005527,False
STR,Aston Martin,16.0,12.0,0.0,2024,4,Japanese Grand Prix,Japan,Suzuka,2024-04-07,0,101.29884313725492,95.798,98.057,13.027289208999004,52,36.541224489795916,44.39986538461538,20.172365384615382,7.134615384615385,5,21.691160220994476,37.50110497237569,43.430939226519335,1012.3723756906077,2.2408839779005527,False
MAG,Haas F1 Team,18.0,13.0,0.0,2024,4,Japanese Grand Prix,Japan,Suzuka,2024-04-07,0,101.48870588235295,96.654,98.58,13.30313133257598,52,37.09926,44.815442307692315,20.00757692307692,13.403846153846153,3,21.691160220994476,37.50110497237569,43.430939226519335,1012.3723756906077,2.2408839779005527,False
BOT,Kick Sauber,13.0,14.0,0.0,2024,4,Japanese Grand Prix,Japan,Suzuka,2024-04-07,0,101.44864705882354,96.608,98.253,12.212303033946593,52,37.36938,44.68026923076923,19.933865384615384,11.961538461538462,4,21.691160220994476,37.50110497237569,43.430939226519335,1012.3723756906077,2.2408839779005527,False
OCO,Alpine,15.0,15.0,0.0,2024,4,Japanese Grand Prix,Japan,Suzuka,2024-04-07,0,101.82566666666666,96.232,98.943,12.006673010733099,52,37.45231999999999,44.79675,20.096634615384616,8.98076923076923,4,21.691160220994476,37.50110497237569,43.430939226519335,1012.3723756906077,2.2408839779005527,False
GAS,Alpine,17.0,16.0,0.0,2024,4,Japanese Grand Prix,Japan,Suzuka,2024-04-07,0,102.09619607843138,96.642,98.902,12.207497450369766,52,37.5282,44.94092307692306,20.122134615384617,8.98076923076923,4,21.691160220994476,37.50110497237569,43.430939226519335,1012.3723756906077,2.2408839779005527,False
SAR,Williams,19.0,17.0,0.0,2024,4,Japanese Grand Prix,Japan,Suzuka,2024-04-07,0,102.58435294117646,94.9,98.968,15.340426926032443,52,37.330079999999995,45.402115384615385,20.231673076923077,7.769230769230769,5,21.691160220994476,37.50110497237569,43.430939226519335,1012.3723756906077,2.2408839779005527,False
ZHO,Kick Sauber,20.0,18.0,0.0,2024,4,Japanese Grand Prix,Japan,Suzuka,2024-04-07,0,115.40627272727274,97.16,101.117,29.072169344893783,12,43.251799999999996,48.38991666666667,25.012833333333333,3.0833333333333335,4,21.691160220994476,37.50110497237569,43.430939226519335,1012.3723756906077,2.2408839779005527,False
RIC,RB,11.0,19.0,0.0,2024,4,Japanese Grand Prix,Japan,Suzuka,2024-04-07,0,,,,,1,,,,1.0,1,21.691160220994476,37.50110497237569,43.430939226519335,1012.3723756906077,2.2408839779005527,False
ALB,Williams,14.0,20.0,0.0,2024,4,Japanese Grand Prix,Japan,Suzuka,2024-04-07,0,,,,,1,,,,1.0,1,21.691160220994476,37.50110497237569,43.430939226519335,1012.3723756906077,2.2408839779005527,False
VER,Red Bull Racing,1.0,1.0,25.0,2024,5,Chinese Grand Prix,China,Shanghai,2024-04-21,1,105.23545283018866,98.406,99.985,13.757964804440814,56,28.933745454545456,32.280946428571426,46.87289285714286,12.625,3,18.63939393939394,29.792727272727273,66.06060606060606,1011.4521212121213,1.68,False
NOR,McLaren,4.0,2.0,18.0,2024,5,Chinese Grand Prix,China,Shanghai,2024-04-21,0,107.44454545454545,98.751,101.656,16.012891131856026,56,28.675145454545454,32.62925,47.00935714285714,15.142857142857142,2,18.63939393939394,29.792727272727273,66.06060606060606,1011.4521212121213,1.68,False
PER,Red Bull Racing,2.0,3.0,15.0,2024,5,Chinese Grand Prix,China,Shanghai,2024-04-21,0,105.89950943396227,99.388,100.522,13.28510037254379,56,28.812272727272727,32.558767857142854,47.046142857142854,12.625,3,18.63939393939394,29.792727272727273,66.06060606060606,1011.4521212121213,1.68,False
LEC,Ferrari,6.0,4.0,12.0,2024,5,Chinese Grand Prix,China,Shanghai,2024-04-21,0,106.02094339622643,99.384,101.812,13.0943111273782,56,28.696490909090905,32.698232142857144,47.07782142857143,15.375,2,18.63939393939394,29.792727272727273,66.06060606060606,1011.4521212121213,1.68,False
SAI,Ferrari,7.0,5.0,10.0,2024,5,Chinese Grand Prix,China,Shanghai,2024-04-21,0,107.08585185185186,99.764,101.42699999999999,12.941533769892217,56,28.6846,32.64067857142857,47.32426785714286,16.660714285714285,2,18.63939393939394,29.792727272727273,66.06060606060606,1011.4521212121213,1.68,False
RUS,Mercedes,8.0,6.0,8.0,2024,5,Chinese Grand Prix,China,Shanghai,2024-04-21,0,107.98790909090907,100.112,101.4,14.551479797821159,56,28.874436363636363,32.59430357142857,47.27830357142857,12.589285714285714,3,18.63939393939394,29.792727272727273,66.06060606060606,1011.4521212121213,1.68,False
ALO,Aston Martin,3.0,7.0,7.0,2024,5,Chinese Grand Prix,China,Shanghai,2024-04-21,0,107.29964814814815,97.81,101.1785,13.91055704723684,56,29.147545454545455,32.475750000000005,47.23633928571429,7.946428571428571,4,18.63939393939394,29.792727272727273,66.06060606060606,1011.4521212121213,1.68,False
PIA,McLaren,5.0,8.0,4.0,2024,5,Chinese Grand Prix,China,Shanghai,2024-04-21,0,108.32136363636364,99.739,101.647,14.269900595780896,56,29.01650909090909,32.70760714285715,47.34385714285714,12.642857142857142,3,18.63939393939394,29.792727272727273,66.06060606060606,1011.4521212121213,1.68,False
HAM,Mercedes,18.0,9.0,2.0,2024,5,Chinese Grand Prix,China,Shanghai,2024-04-21,0,109.11678571428571,100.835,102.00550000000001,14.623527374143958,56,29.151218181818184,32.69483928571429,47.205464285714285,13.446428571428571,3,18.63939393939394,29.792727272727273,66.06060606060606,1011.4521212121213,1.68,False
HUL,Haas F1 Team,9.0,10.0,1.0,2024,5,Chinese Grand Prix,China,Shanghai,2024-04-21,0,108.4119090909091,100.815,101.998,13.968600204629226,56,28.96936363636363,32.836982142857146,47.32103571428571,12.803571428571429,3,18.63939393939394,29.792727272727273,66.06060606060606,1011.4521212121213,1.68,False
OCO,Alpine,13.0,11.0,0.0,2024,5,Chinese Grand Prix,China,Shanghai,2024-04-21,0,109.20296428571429,100.937,102.1525,14.748601705017556,56,29.098545454545455,32.61982142857143,47.43960714285715,12.696428571428571,3,18.63939393939394,29.792727272727273,66.06060606060606,1011.4521212121213,1.68,False
ALB,Williams,14.0,12.0,0.0,2024,5,Chinese Grand Prix,China,Shanghai,2024-04-21,0,109.25107142857142,100.79,102.6865,14.427892117016253,56,29.195854545454544,32.86192857142857,47.14839285714286,12.696428571428571,3,18.63939393939394,29.792727272727273,66.06060606060606,1011.4521212121213,1.68,False
GAS,Alpine,15.0,13.0,0.0,2024,5,Chinese Grand Prix,China,Shanghai,2024-04-21,0,109.31744642857143,99.198,102.077,14.763990219350523,56,29.548363636363632,32.66589285714286,47.05610714285715,7.767857142857143,4,18.63939393939394,29.792727272727273,66.06060606060606,1011.4521212121213,1.68,False
ZHO,Kick Sauber,16.0,14.0,0.0,2024,5,Chinese Grand Prix,China,Shanghai,2024-04-21,0,108.57767272727273,98.633,102.746,13.45828281525372,56,29.49270909090909,32.647821428571426,47.16814285714286,7.946428571428571,4,18.63939393939394,29.792727272727273,66.06060606060606,1011.4521212121213,1.68,False
STR,Aston Martin,11.0,15.0,0.0,2024,5,Chinese Grand Prix,China,Shanghai,2024-04-21,0,105.80332075471698,99.444,101.825,9.912779542616818,56,29.05888888888889,31.848999999999997,46.830803571428575,9.267857142857142,5,18.63939393939394,29.792727272727273,66.06060606060606,1011.4521212121213,1.68,False
MAG,Haas F1 Team,17.0,16.0,0.0,2024,5,Chinese Grand Prix,China,Shanghai,2024-04-21,0,108.53634545454545,101.077,103.461,12.253298052207372,56,29.025072727272725,32.63860714285715,47.740053571428575,11.482142857142858,3,18.63939393939394,29.792727272727273,66.06060606060606,1011.4521212121213,1.68,False
SAR,Williams,20.0,17.0,0.0,2024,5,Chinese Grand Prix,China,Shanghai,2024-04-21,0,109.60114285714285,101.0,102.84,13.626483772990902,56,29.261581818181817,32.931464285714284,47.29746428571428,12.214285714285714,3,18.63939393939394,29.792727272727273,66.06060606060606,1011.4521212121213,1.68,False
RIC,RB,12.0,18.0,0.0,2024,5,Chinese Grand Prix,China,Shanghai,2024-04-21,0,113.8971875,100.994,103.82050000000001,15.377583707246957,33,30.11815625,34.58021212121212,50.301848484848485,8.93939393939394,2,18.63939393939394,29.792727272727273,66.06060606060606,1011.4521212121213,1.68,False
TSU,RB,19.0,19.0,0.0,2024,5,Chinese Grand Prix,China,Shanghai,2024-04-21,0,111.04673076923076,101.593,103.594,14.242073412414898,27,30.245839999999998,32.698115384615384,48.00411538461538,6.148148148148148,3,18.63939393939394,29.792727272727273,66.06060606060606,1011.4521212121213,1.68,False
BOT,Kick Sauber,10.0,20.0,0.0,2024,5,Chinese Grand Prix,China,Shanghai,2024-04-21,0,104.13263157894738,101.276,102.768,4.464919486775974,20,28.427277777777775,31.097368421052625,44.46931578947368,5.55,2,18.63939393939394,29.792727272727273,66.06060606060606,1011.4521212121213,1.68,False
NOR,McLaren,5.0,1.0,25.0,2024,6,Miami Grand Prix,United States,Miami,2024-05-05,1,94.52207142857142,90.98,92.1575,8.990661619616297,57,32.446017857142856,36.35915789473684,26.730666666666668,14.75438596491228,2,28.521999999999995,44.664,59.00666666666667,1016.4626666666667,3.080666666666666,False
VER,Red Bull Racing,1.0,2.0,18.0,2024,6,Miami Grand Prix,United States,Miami,2024-05-05,0,94.68669642857142,91.261,92.52250000000001,8.960922535542144,57,32.81760714285714,36.20885964912281,26.71333333333333,15.280701754385966,2,28.521999999999995,44.664,59.00666666666667,1016.4626666666667,3.080666666666666,False
LEC,Ferrari,2.0,3.0,15.0,2024,6,Miami Grand Prix,United States,Miami,2024-05-05,0,94.78089285714285,91.084,92.39349999999999,8.777942168616994,57,32.85410714285714,36.21157894736843,26.695087719298247,16.333333333333332,2,28.521999999999995,44.664,59.00666666666667,1016.4626666666667,3.080666666666666,False
PER,Red Bull Racing,4.0,4.0,12.0,2024,6,Miami Grand Prix,United States,Miami,2024-05-05,0,95.86887719298245,90.855,92.763,10.46330914616502,57,33.07014285714286,36.100631578947365,26.63829824561404,14.017543859649123,3,28.521999999999995,44.664,59.00666666666667,1016.4626666666667,3.080666666666666,False
SAI,Ferrari,3.0,5.0,10.0,2024,6,Miami Grand Prix,United States,Miami,2024-05-05,0,95.81198245614036,90.928,92.775,11.179061304975521,57,32.74530357142857,36.33364912280702,26.679754385964912,14.789473684210526,2,28.521999999999995,44.664,59.00666666666667,1016.4626666666667,3.080666666666666,False
HAM,Mercedes,8.0,6.0,8.0,2024,6,Miami Grand Prix,United States,Miami,2024-05-05,0,95.90282456140349,91.233,93.333,9.207758303119803,57,32.871607142857144,36.3529649122807,26.599263157894736,16.49122807017544,2,28.521999999999995,44.664,59.00666666666667,1016.4626666666667,3.080666666666666,False
TSU,RB,10.0,7.0,6.0,2024,6,Miami Grand Prix,United States,Miami,2024-05-05,0,96.07124561403512,91.682,93.382,9.925378267855843,57,32.928982142857144,36.37071929824561,26.67135087719298,14.75438596491228,2,28.521999999999995,44.664,59.00666666666667,1016.4626666666667,3.080666666666666,False
RUS,Mercedes,7.0,8.0,4.0,2024,6,Miami Grand Prix,United States,Miami,2024-05-05,0,96.22219298245612,91.921,93.562,8.704117204023532,57,32.942214285714286,36.529245614035084,26.643684210526317,16.36842105263158,2,28.521999999999995,44.664,59.00666666666667,1016.4626666666667,3.080666666666666,False
ALO,Aston Martin,15.0,9.0,2.0,2024,6,Miami Grand Prix,United States,Miami,2024-05-05,0,96.26285964912282,91.727,93.751,8.254186826000566,57,32.82007142857143,36.642315789473685,26.677315789473685,16.49122807017544,2,28.521999999999995,44.664,59.00666666666667,1016.4626666666667,3.080666666666666,False
OCO,Alpine,13.0,10.0,1.0,2024,6,Miami Grand Prix,United States,Miami,2024-05-05,0,96.30915789473684,92.037,93.867,8.519038637892763,57,32.92216071428571,36.58705263157895,26.681807017543857,15.491228070175438,2,28.521999999999995,44.664,59.00666666666667,1016.4626666666667,3.080666666666666,False
HUL,Haas F1 Team,9.0,11.0,0.0,2024,6,Miami Grand Prix,United States,Miami,2024-05-05,0,96.32745614035088,91.941,93.561,8.409268078117687,57,33.06523214285714,36.53161403508771,26.648157894736844,11.385964912280702,3,28.521999999999995,44.664,59.00666666666667,1016.4626666666667,3.080666666666666,False
GAS,Alpine,12.0,12.0,0.0,2024,6,Miami Grand Prix,United States,Miami,2024-05-05,0,96.40059649122809,92.055,93.614,8.129851847753194,57,32.89864285714285,36.6250350877193,26.74791228070175,19.526315789473685,2,28.521999999999995,44.664,59.00666666666667,1016.4626666666667,3.080666666666666,False
PIA,McLaren,6.0,13.0,0.0,2024,6,Miami Grand Prix,United States,Miami,2024-05-05,0,95.52126785714283,90.634,92.838,9.121665259631394,57,33.285000000000004,36.384614035087715,26.783333333333335,12.701754385964913,3,28.521999999999995,44.664,59.00666666666667,1016.4626666666667,3.080666666666666,False
ZHO,Kick Sauber,19.0,14.0,0.0,2024,6,Miami Grand Prix,United States,Miami,2024-05-05,0,96.4886842105263,91.991,93.784,8.641131715641631,57,33.028642857142856,36.6151403508772,26.698947368421052,14.75438596491228,2,28.521999999999995,44.664,59.00666666666667,1016.4626666666667,3.080666666666666,False
RIC,RB,20.0,15.0,0.0,2024,6,Miami Grand Prix,United States,Miami,2024-05-05,0,96.50582456140351,92.122,93.982,8.37069306339259,57,33.07016071428572,36.51700000000001,26.767017543859648,17.29824561403509,2,28.521999999999995,44.664,59.00666666666667,1016.4626666666667,3.080666666666666,False
BOT,Kick Sauber,16.0,16.0,0.0,2024,6,Miami Grand Prix,United States,Miami,2024-05-05,0,96.53038596491228,92.098,93.615,8.052734878719301,57,32.846267857142855,36.68873684210527,26.847508771929824,11.280701754385966,3,28.521999999999995,44.664,59.00666666666667,1016.4626666666667,3.080666666666666,False
STR,Aston Martin,11.0,17.0,0.0,2024,6,Miami Grand Prix,United States,Miami,2024-05-05,0,96.40436842105264,91.588,93.711,8.450498014976857,57,33.14123214285714,36.57303508771929,26.58115789473684,11.964912280701755,3,28.521999999999995,44.664,59.00666666666667,1016.4626666666667,3.080666666666666,False
ALB,Williams,14.0,18.0,0.0,2024,6,Miami Grand Prix,United States,Miami,2024-05-05,0,96.9467894736842,90.849,93.78,8.122735523421815,57,33.40717857142857,36.616122807017554,26.80436842105263,17.736842105263158,3,28.521999999999995,44.664,59.00666666666667,1016.4626666666667,3.080666666666666,False
MAG,Haas F1 Team,18.0,19.0,0.0,2024,6,Miami Grand Prix,United States,Miami,2024-05-05,0,96.5712105263158,91.774,93.856,10.410251458018337,57,33.64228571428571,36.07215789473684,26.726526315789474,12.43859649122807,4,28.521999999999995,44.664,59.00666666666667,1016.4626666666667,3.080666666666666,False
SAR,Williams,17.0,20.0,0.0,2024,6,Miami Grand Prix,United States,Miami,2024-05-05,0,95.68666666666668,93.452,94.215,3.8929953466746854,28,32.971730769230774,35.82644444444444,26.601888888888887,7.821428571428571,2,28.521999999999995,44.664,59.00666666666667,1016.4626666666667,3.080666666666666,False
VER,Red Bull Racing,1.0,1.0,25.0,2024,7,Emilia Romagna Grand Prix,Italy,Imola,2024-05-19,1,81.35320634920635,80.366,80.817,2.9566906203516066,63,25.97040322580645,28.162174603174602,27.189492063492068,17.142857142857142,2,25.113986013986015,42.023776223776224,48.42657342657343,1006.634265734266,2.141258741258741,False
NOR,McLaren,2.0,2.0,18.0,2024,7,Emilia Romagna Grand Prix,Italy,Imola,2024-05-19,0,81.36471428571429,79.994,80.828,3.1141609620724244,63,25.82256451612903,28.297126984126983,27.202015873015874,18.333333333333332,2,25.113986013986015,42.023776223776224,48.42657342657343,1006.634265734266,2.141258741258741,False
LEC,Ferrari,3.0,3.0,15.0,2024,7,Emilia Romagna Grand Prix,Italy,Imola,2024-05-19,0,81.47885714285715,79.935,80.928,3.1496043318176663,63,25.99214516129032,28.262349206349207,27.177968253968253,16.92063492063492,2,25.113986013986015,42.023776223776224,48.42657342657343,1006.634265734266,2.141258741258741,False
PIA,McLaren,5.0,4.0,12.0,2024,7,Emilia Romagna Grand Prix,Italy,Imola,2024-05-19,0,81.57752380952381,79.907,80.982,2.9529434514818886,63,25.834145161290323,28.370730158730158,27.311190476190475,18.03174603174603,2,25.113986013986015,42.023776223776224,48.42657342657343,1006.634265734266,2.141258741258741,False
SAI,Ferrari,4.0,5.0,10.0,2024,7,Emilia Romagna Grand Prix,Italy,Imola,2024-05-19,0,81.70757142857144,80.22,81.236,3.0224481356540918,63,26.06491935483871,28.375126984126982,27.214714285714283,16.571428571428573,2,25.113986013986015,42.023776223776224,48.42657342657343,1006.634265734266,2.141258741258741,False
HAM,Mercedes,8.0,6.0,8.0,2024,7,Emilia Romagna Grand Prix,Italy,Imola,2024-05-19,0,81.91041269841271,80.331,81.446,3.0299517862390037,63,26.02743548387096,28.493222222222226,27.320380952380948,16.571428571428573,2,25.113986013986015,42.023776223776224,48.42657342657343,1006.634265734266,2.141258741258741,False
RUS,Mercedes,6.0,7.0,7.0,2024,7,Emilia Romagna Grand Prix,Italy,Imola,2024-05-19,0,82.10168253968256,78.589,81.267,4.207085930501742,63,26.433048387096772,28.195444444444448,27.416238095238093,12.936507936507937,3,25.113986013986015,42.023776223776224,48.42657342657343,1006.634265734266,2.141258741258741,False
PER,Red Bull Racing,11.0,8.0,4.0,2024,7,Emilia Romagna Grand Prix,Italy,Imola,2024-05-19,0,82.22266666666667,79.686,81.97,3.1927298310683203,63,26.242838709677418,28.327507936507935,27.56860317460318,16.73015873015873,2,25.113986013986015,42.023776223776224,48.42657342657343,1006.634265734266,2.141258741258741,False
STR,Aston Martin,13.0,9.0,2.0,2024,7,Emilia Romagna Grand Prix,Italy,Imola,2024-05-19,0,82.616,80.57,82.415,3.098304026190728,63,26.306822580645164,28.548253968253967,27.664555555555555,17.73015873015873,2,25.113986013986015,42.023776223776224,48.42657342657343,1006.634265734266,2.141258741258741,False
TSU,RB,7.0,10.0,1.0,2024,7,Emilia Romagna Grand Prix,Italy,Imola,2024-05-19,0,82.95335483870969,80.936,82.336,2.9019472721581345,62,26.423032786885244,28.703080645161293,27.753064516129033,21.822580645161292,2,25.113986013986015,42.023776223776224,48.42657342657343,1006.634265734266,2.141258741258741,False
HUL,Haas F1 Team,10.0,11.0,0.0,2024,7,Emilia Romagna Grand Prix,Italy,Imola,2024-05-19,0,83.07304838709678,81.7,82.45750000000001,2.9279707426392516,62,26.492262295081968,28.752322580645163,27.758241935483873,21.225806451612904,2,25.113986013986015,42.023776223776224,48.42657342657343,1006.634265734266,2.141258741258741,False
MAG,Haas F1 Team,18.0,12.0,0.0,2024,7,Emilia Romagna Grand Prix,Italy,Imola,2024-05-19,0,83.09170967741936,81.009,82.854,3.360579977203861,62,26.421852459016392,28.88593548387097,27.679612903225802,16.580645161290324,2,25.113986013986015,42.023776223776224,48.42657342657343,1006.634265734266,2.141258741258741,False
RIC,RB,9.0,13.0,0.0,2024,7,Emilia Romagna Grand Prix,Italy,Imola,2024-05-19,0,83.11150000000002,81.569,82.299,3.067302097240783,62,26.46024590163934,28.82035483870968,27.743000000000002,22.451612903225808,2,25.113986013986015,42.023776223776224,48.42657342657343,1006.634265734266,2.141258741258741,False
OCO,Alpine,12.0,14.0,0.0,2024,7,Emilia Romagna Grand Prix,Italy,Imola,2024-05-19,0,83.37353225806451,81.304,82.793,3.1488686217914874,62,26.55367213114754,28.889790322580644,27.838645161290316,16.580645161290324,2,25.113986013986015,42.023776223776224,48.42657342657343,1006.634265734266,2.141258741258741,False
ZHO,Kick Sauber,17.0,15.0,0.0,2024,7,Emilia Romagna Grand Prix,Italy,Imola,2024-05-19,0,83.39008064516129,81.016,82.973,3.2881602873578037,62,26.560409836065574,28.920225806451615,27.79716129032258,16.06451612903226,2,25.113986013986015,42.023776223776224,48.42657342657343,1006.634265734266,2.141258741258741,False
GAS,Alpine,15.0,16.0,0.0,2024,7,Emilia Romagna Grand Prix,Italy,Imola,2024-05-19,0,83.46720967741933,81.371,82.429,4.261012498537371,62,26.841950819672135,28.673419354838714,27.851564516129034,13.17741935483871,3,25.113986013986015,42.023776223776224,48.42657342657343,1006.634265734266,2.141258741258741,False
SAR,Williams,19.0,17.0,0.0,2024,7,Emilia Romagna Grand Prix,Italy,Imola,2024-05-19,0,83.48875806451613,81.229,83.001,3.6165222887599953,62,26.56772131147541,28.989870967741936,27.814370967741937,16.0,2,25.113986013986015,42.023776223776224,48.42657342657343,1006.634265734266,2.141258741258741,False
BOT,Kick Sauber,16.0,18.0,0.0,2024,7,Emilia Romagna Grand Prix,Italy,Imola,2024-05-19,0,83.5741129032258,81.455,82.7585,3.2954443273878473,62,26.70439344262295,28.940354838709677,27.82256451612903,24.532258064516128,2,25.113986013986015,42.023776223776224,48.42657342657343,1006.634265734266,2.141258741258741,False
ALO,Aston Martin,20.0,19.0,0.0,2024,7,Emilia Romagna Grand Prix,Italy,Imola,2024-05-19,0,83.87703225806452,79.004,82.7325,5.417250361055152,62,27.151639344262293,28.708709677419357,27.85240322580645,13.5,4,25.113986013986015,42.023776223776224,48.42657342657343,1006.634265734266,2.141258741258741,False
ALB,Williams,14.0,20.0,0.0,2024,7,Emilia Romagna Grand Prix,Italy,Imola,2024-05-19,0,84.49361999999999,81.274,82.038,7.278859730418086,51,28.277959999999997,29.160098039215686,28.508450980392155,13.470588235294118,5,25.113986013986015,42.023776223776224,48.42657342657343,1006.634265734266,2.141258741258741,False
LEC,Ferrari,1.0,1.0,25.0,2024,8,Monaco Grand Prix,Monaco,Monaco,2024-05-26,1,109.32074025974026,75.162,78.506,270.99107765179093,78,20.63016883116883,37.04185897435897,21.03375,38.51282051282051,2,21.596499999999995,46.318000000000005,63.99,1018.7434999999998,0.9795,False
PIA,McLaren,2.0,2.0,18.0,2024,8,Monaco Grand Prix,Monaco,Monaco,2024-05-26,0,109.43609090909091,76.281,78.523,271.25582103412916,78,20.602129870129872,37.1706923076923,21.027131578947362,39.51282051282051,2,21.596499999999995,46.318000000000005,63.99,1018.7434999999998,0.9795,False
SAI,Ferrari,3.0,3.0,15.0,2024,8,Monaco Grand Prix,Monaco,Monaco,2024-05-26,0,109.4866883116883,74.726,78.568,271.71019107983125,78,20.665116883116884,37.24834615384616,20.993368421052633,38.51282051282051,2,21.596499999999995,46.318000000000005,63.99,1018.7434999999998,0.9795,False
NOR,McLaren,4.0,4.0,12.0,2024,8,Monaco Grand Prix,Monaco,Monaco,2024-05-26,0,109.56542857142858,75.742,78.403,272.31502600062635,78,20.65081818181818,37.124205128205126,20.99493421052632,39.51282051282051,2,21.596499999999995,46.318000000000005,63.99,1018.7434999999998,0.9795,False
RUS,Mercedes,5.0,5.0,10.0,2024,8,Monaco Grand Prix,Monaco,Monaco,2024-05-26,0,109.69736363636362,75.228,78.651,272.9771564276275,78,20.959480519480522,36.92696153846154,21.95409090909091,38.51282051282051,2,21.596499999999995,46.318000000000005,63.99,1018.7434999999998,0.9795,False
VER,Red Bull Racing,6.0,6.0,8.0,2024,8,Monaco Grand Prix,Monaco,Monaco,2024-05-26,0,109.76576623376621,74.569,78.574,273.56111907213216,78,20.697025974025976,37.009782051282045,22.083246753246755,21.846153846153847,3,21.596499999999995,46.318000000000005,63.99,1018.7434999999998,0.9795,False
HAM,Mercedes,7.0,7.0,7.0,2024,8,Monaco Grand Prix,Monaco,Monaco,2024-05-26,0,109.83961038961039,74.165,78.587,274.1160233657388,78,20.897935064935062,36.821615384615384,22.047103896103895,21.55128205128205,3,21.596499999999995,46.318000000000005,63.99,1018.7434999999998,0.9795,False
TSU,RB,8.0,8.0,4.0,2024,8,Monaco Grand Prix,Monaco,Monaco,2024-05-26,0,112.1433896103896,74.72,80.184,274.5049513433303,77,21.132657894736838,37.742610389610405,22.223052631578945,39.0,2,21.596499999999995,46.318000000000005,63.99,1018.7434999999998,0.9795,False
ALB,Williams,9.0,9.0,2.0,2024,8,Monaco Grand Prix,Monaco,Monaco,2024-05-26,0,112.33254545454548,77.06,80.245,275.1780942238061,77,21.34636842105263,37.85798701298701,22.011815789473687,38.01298701298701,2,21.596499999999995,46.318000000000005,63.99,1018.7434999999998,0.9795,False
GAS,Alpine,10.0,10.0,1.0,2024,8,Monaco Grand Prix,Monaco,Monaco,2024-05-26,0,112.41292207792208,75.625,80.237,275.49342168212553,77,21.203157894736847,37.84714285714286,22.23973684210526,38.01298701298701,2,21.596499999999995,46.318000000000005,63.99,1018.7434999999998,0.9795,False
ALO,Aston Martin,14.0,11.0,0.0,2024,8,Monaco Grand Prix,Monaco,Monaco,2024-05-26,0,113.15010526315788,77.939,80.6905,279.02455219073846,76,21.30568,38.15802631578946,21.989079999999998,38.51315789473684,2,21.596499999999995,46.318000000000005,63.99,1018.7434999999998,0.9795,False
RIC,RB,12.0,12.0,0.0,2024,8,Monaco Grand Prix,Monaco,Monaco,2024-05-26,0,113.15550000000002,77.172,80.8555,278.388734812959,76,21.33872,38.08894736842105,22.09213333333333,38.5,2,21.596499999999995,46.318000000000005,63.99,1018.7434999999998,0.9795,False
BOT,Kick Sauber,17.0,13.0,0.0,2024,8,Monaco Grand Prix,Monaco,Monaco,2024-05-26,0,113.15844736842105,76.561,80.5435,280.0122485185434,76,21.270506666666666,38.08309210526316,22.024533333333334,27.07894736842105,3,21.596499999999995,46.318000000000005,63.99,1018.7434999999998,0.9795,False
STR,Aston Martin,13.0,14.0,0.0,2024,8,Monaco Grand Prix,Monaco,Monaco,2024-05-26,0,113.17790789473685,76.71,80.047,277.8484954035287,76,21.136200000000002,37.826,22.645626666666665,17.67105263157895,4,21.596499999999995,46.318000000000005,63.99,1018.7434999999998,0.9795,False
SAR,Williams,15.0,15.0,0.0,2024,8,Monaco Grand Prix,Monaco,Monaco,2024-05-26,0,113.21815789473686,75.525,80.875,279.4489876073534,76,21.26450666666667,38.000118421052626,22.22024,24.25,3,21.596499999999995,46.318000000000005,63.99,1018.7434999999998,0.9795,False
ZHO,Kick Sauber,18.0,16.0,0.0,2024,8,Monaco Grand Prix,Monaco,Monaco,2024-05-26,0,113.82650000000002,74.718,80.9745,280.45291934148236,76,21.48684,38.07628947368421,22.25356,32.06578947368421,3,21.596499999999995,46.318000000000005,63.99,1018.7434999999998,0.9795,False
OCO,Alpine,11.0,17.0,0.0,2024,8,Monaco Grand Prix,Monaco,Monaco,2024-05-26,0,,,,,1,,,,1.0,1,21.596499999999995,46.318000000000005,63.99,1018.7434999999998,0.9795,False
PER,Red Bull Racing,16.0,18.0,0.0,2024,8,Monaco Grand Prix,Monaco,Monaco,2024-05-26,0,,,,,1,,,,1.0,1,21.596499999999995,46.318000000000005,63.99,1018.7434999999998,0.9795,False
HUL,Haas F1 Team,19.0,19.0,0.0,2024,8,Monaco Grand Prix,Monaco,Monaco,2024-05-26,0,,,,,1,,,,1.0,1,21.596499999999995,46.318000000000005,63.99,1018.7434999999998,0.9795,False
MAG,Haas F1 Team,20.0,20.0,0.0,2024,8,Monaco Grand Prix,Monaco,Monaco,2024-05-26,0,,,,,1,,,,1.0,1,21.596499999999995,46.318000000000005,63.99,1018.7434999999998,0.9795,False
VER,Red Bull Racing,2.0,1.0,25.0,2024,9,Canadian Grand Prix,Canada,Montréal,2024-06-09,1,90.68467142857145,75.569,86.69149999999999,15.038389690544632,70,25.816115942028986,28.699828571428572,36.030642857142865,12.285714285714286,3,17.797345132743363,24.569911504424784,73.38053097345133,996.1973451327435,1.169911504424779,True
NOR,McLaren,3.0,2.0,18.0,2024,9,Canadian Grand Prix,Canada,Montréal,2024-06-09,0,90.7400857142857,75.558,86.4615,15.616259746056823,70,25.84965217391304,28.71185714285714,36.03044285714285,12.257142857142858,3,17.797345132743363,24.569911504424784,73.38053097345133,996.1973451327435,1.169911504424779,True
RUS,Mercedes,1.0,3.0,15.0,2024,9,Canadian Grand Prix,Canada,Montréal,2024-06-09,0,90.74634285714288,74.895,87.424,14.484627393251268,70,26.063884057971016,28.37824285714286,36.18502857142856,10.228571428571428,4,17.797345132743363,24.569911504424784,73.38053097345133,996.1973451327435,1.169911504424779,True
HAM,Mercedes,7.0,4.0,13.0,2024,9,Canadian Grand Prix,Canada,Montréal,2024-06-09,0,90.75488571428568,74.856,86.8965,14.160964158551952,70,26.081898550724638,28.383085714285713,36.11222857142856,9.971428571428572,4,17.797345132743363,24.569911504424784,73.38053097345133,996.1973451327435,1.169911504424779,True
PIA,McLaren,4.0,5.0,10.0,2024,9,Canadian Grand Prix,Canada,Montréal,2024-06-09,0,90.83037142857144,76.247,86.588,14.652088361980617,70,26.062579710144927,28.68344285714286,35.92298571428571,12.371428571428572,3,17.797345132743363,24.569911504424784,73.38053097345133,996.1973451327435,1.169911504424779,True
ALO,Aston Martin,6.0,6.0,8.0,2024,9,Canadian Grand Prix,Canada,Montréal,2024-06-09,0,90.93481428571427,76.303,87.509,12.980703017174486,70,26.114231884057972,28.672628571428568,35.979285714285716,12.371428571428572,3,17.797345132743363,24.569911504424784,73.38053097345133,996.1973451327435,1.169911504424779,True
STR,Aston Martin,9.0,7.0,6.0,2024,9,Canadian Grand Prix,Canada,Montréal,2024-06-09,0,91.02217142857141,76.762,87.6385,12.36863721474183,70,25.95684057971014,28.817371428571427,36.05214285714286,12.742857142857142,3,17.797345132743363,24.569911504424784,73.38053097345133,996.1973451327435,1.169911504424779,True
RIC,RB,5.0,8.0,4.0,2024,9,Canadian Grand Prix,Canada,Montréal,2024-06-09,0,91.09427142857143,77.076,88.11,12.266480962978497,70,26.082550724637677,28.735371428571426,36.089571428571425,12.985714285714286,3,17.797345132743363,24.569911504424784,73.38053097345133,996.1973451327435,1.169911504424779,True
GAS,Alpine,15.0,9.0,2.0,2024,9,Canadian Grand Prix,Canada,Montréal,2024-06-09,0,91.11354285714285,77.013,88.444,12.080725756447105,70,26.14417391304348,28.83075714285714,35.88311428571428,13.0,3,17.797345132743363,24.569911504424784,73.38053097345133,996.1973451327435,1.169911504424779,True
OCO,Alpine,18.0,10.0,1.0,2024,9,Canadian Grand Prix,Canada,Montréal,2024-06-09,0,91.11771428571429,77.012,88.21000000000001,11.8899206688433,70,26.063492753623184,28.87117142857143,35.935114285714285,19.15714285714286,2,17.797345132743363,24.569911504424784,73.38053097345133,996.1973451327435,1.169911504424779,True
HUL,Haas F1 Team,17.0,11.0,0.0,2024,9,Canadian Grand Prix,Canada,Montréal,2024-06-09,0,91.1250142857143,76.683,88.767,11.503131656133634,70,26.081840579710143,28.672914285714285,36.13247142857142,10.142857142857142,4,17.797345132743363,24.569911504424784,73.38053097345133,996.1973451327435,1.169911504424779,True
MAG,Haas F1 Team,14.0,12.0,0.0,2024,9,Canadian Grand Prix,Canada,Montréal,2024-06-09,0,91.13114285714285,76.499,88.2355,11.90806939692177,70,26.15247826086957,28.619314285714285,36.14361428571427,8.028571428571428,5,17.797345132743363,24.569911504424784,73.38053097345133,996.1973451327435,1.169911504424779,True
BOT,Kick Sauber,19.0,13.0,0.0,2024,9,Canadian Grand Prix,Canada,Montréal,2024-06-09,0,91.26305714285715,77.25,88.801,11.098510731645732,70,26.252391304347828,28.90892857142858,35.82441428571428,18.7,2,17.797345132743363,24.569911504424784,73.38053097345133,996.1973451327435,1.169911504424779,True
TSU,RB,8.0,14.0,0.0,2024,9,Canadian Grand Prix,Canada,Montréal,2024-06-09,0,91.43744285714286,77.309,88.507,11.796822435878395,70,26.04163768115942,29.1694,36.02041428571428,19.15714285714286,2,17.797345132743363,24.569911504424784,73.38053097345133,996.1973451327435,1.169911504424779,True
ZHO,Kick Sauber,20.0,15.0,0.0,2024,9,Canadian Grand Prix,Canada,Montréal,2024-06-09,0,92.77471014492754,77.325,89.176,12.819496250657856,69,26.74144117647059,28.943028985507247,36.796695652173916,10.130434782608695,4,17.797345132743363,24.569911504424784,73.38053097345133,996.1973451327435,1.169911504424779,True
SAI,Ferrari,12.0,16.0,0.0,2024,9,Canadian Grand Prix,Canada,Montréal,2024-06-09,0,92.08600000000001,78.957,89.03399999999999,10.146269127895547,53,26.97963461538461,29.424169811320755,35.82119230769231,10.39622641509434,3,17.797345132743363,24.569911504424784,73.38053097345133,996.1973451327435,1.169911504424779,True
ALB,Williams,10.0,17.0,0.0,2024,9,Canadian Grand Prix,Canada,Montréal,2024-06-09,0,92.09692307692309,79.359,89.1285,10.072742656368115,53,26.989078431372548,28.958653846153847,35.87936538461538,10.566037735849056,3,17.797345132743363,24.569911504424784,73.38053097345133,996.1973451327435,1.169911504424779,True
PER,Red Bull Racing,16.0,18.0,0.0,2024,9,Canadian Grand Prix,Canada,Montréal,2024-06-09,0,92.368,78.819,89.598,10.43480065166556,52,26.78582352941177,29.444596153846152,36.00235294117647,10.403846153846153,3,17.797345132743363,24.569911504424784,73.38053097345133,996.1973451327435,1.169911504424779,True
LEC,Ferrari,11.0,19.0,0.0,2024,9,Canadian Grand Prix,Canada,Montréal,2024-06-09,0,96.0827,86.012,92.02199999999999,12.618823942926063,41,27.7403,30.022414634146337,37.903125,9.560975609756097,4,17.797345132743363,24.569911504424784,73.38053097345133,996.1973451327435,1.169911504424779,True
SAR,Williams,13.0,20.0,0.0,2024,9,Canadian Grand Prix,Canada,Montréal,2024-06-09,0,94.10952173913044,86.484,90.075,8.733487629232691,24,27.475,30.535608695652172,35.45060869565218,12.5,1,17.797345132743363,24.569911504424784,73.38053097345133,996.1973451327435,1.169911504424779,True
VER,Red Bull Racing,2.0,1.0,25.0,2024,10,Spanish Grand Prix,Spain,Barcelona,2024-06-23,1,80.30646969696971,77.776,79.81,3.3308820232655725,66,24.175800000000002,32.059378787878785,24.02131818181818,12.651515151515152,3,24.132467532467533,41.096103896103905,63.44155844155844,1001.3564935064935,2.1233766233766236,True
NOR,McLaren,1.0,2.0,19.0,2024,10,Spanish Grand Prix,Spain,Barcelona,2024-06-23,0,80.3400909090909,77.115,79.78999999999999,3.4099962135204462,66,24.023707692307692,32.14472727272727,24.11440909090909,12.469696969696969,3,24.132467532467533,41.096103896103905,63.44155844155844,1001.3564935064935,2.1233766233766236,True
HAM,Mercedes,3.0,3.0,15.0,2024,10,Spanish Grand Prix,Spain,Barcelona,2024-06-23,0,80.57601515151515,77.809,79.997,3.2955980126989632,66,24.02723076923077,32.2649393939394,24.223015151515153,13.742424242424242,3,24.132467532467533,41.096103896103905,63.44155844155844,1001.3564935064935,2.1233766233766236,True
RUS,Mercedes,4.0,4.0,12.0,2024,10,Spanish Grand Prix,Spain,Barcelona,2024-06-23,0,80.64465151515152,78.29,79.9995,3.651906859088715,66,24.178723076923077,32.24554545454545,24.1785,13.045454545454545,3,24.132467532467533,41.096103896103905,63.44155844155844,1001.3564935064935,2.1233766233766236,True
LEC,Ferrari,5.0,5.0,10.0,2024,10,Spanish Grand Prix,Spain,Barcelona,2024-06-23,0,80.65054545454544,77.897,79.846,3.4561058975131504,66,24.04176923076923,32.302030303030314,24.24254545454545,12.469696969696969,3,24.132467532467533,41.096103896103905,63.44155844155844,1001.3564935064935,2.1233766233766236,True
SAI,Ferrari,6.0,6.0,8.0,2024,10,Spanish Grand Prix,Spain,Barcelona,2024-06-23,0,80.77659090909091,78.539,80.05350000000001,3.4171222394436955,66,24.120123076923072,32.37895454545455,24.207969696969695,12.363636363636363,3,24.132467532467533,41.096103896103905,63.44155844155844,1001.3564935064935,2.1233766233766236,True
PIA,McLaren,9.0,7.0,6.0,2024,10,Spanish Grand Prix,Spain,Barcelona,2024-06-23,0,80.81798484848485,77.874,79.92750000000001,3.6273837043009993,66,24.274292307692306,32.255272727272725,24.213818181818183,13.469696969696969,3,24.132467532467533,41.096103896103905,63.44155844155844,1001.3564935064935,2.1233766233766236,True
PER,Red Bull Racing,11.0,8.0,4.0,2024,10,Spanish Grand Prix,Spain,Barcelona,2024-06-23,0,81.20834848484847,77.785,80.1645,4.041748968311097,66,24.524584615384615,32.2890606060606,24.313984848484846,11.06060606060606,4,24.132467532467533,41.096103896103905,63.44155844155844,1001.3564935064935,2.1233766233766236,True
GAS,Alpine,7.0,9.0,2.0,2024,10,Spanish Grand Prix,Spain,Barcelona,2024-06-23,0,81.24624242424241,79.045,80.482,3.692811287063665,66,24.40936923076923,32.37612121212121,24.389969696969697,12.924242424242424,3,24.132467532467533,41.096103896103905,63.44155844155844,1001.3564935064935,2.1233766233766236,True
OCO,Alpine,8.0,10.0,1.0,2024,10,Spanish Grand Prix,Spain,Barcelona,2024-06-23,0,81.39569696969697,78.982,80.751,3.369275461806162,66,24.355923076923077,32.48419696969697,24.478181818181817,13.106060606060606,3,24.132467532467533,41.096103896103905,63.44155844155844,1001.3564935064935,2.1233766233766236,True
HUL,Haas F1 Team,13.0,11.0,0.0,2024,10,Spanish Grand Prix,Spain,Barcelona,2024-06-23,0,81.4309393939394,78.609,81.03,3.6803226609331534,66,24.407307692307686,32.57448484848485,24.36321212121212,12.651515151515152,3,24.132467532467533,41.096103896103905,63.44155844155844,1001.3564935064935,2.1233766233766236,True
ALO,Aston Martin,10.0,12.0,0.0,2024,10,Spanish Grand Prix,Spain,Barcelona,2024-06-23,0,81.68806153846154,78.334,81.139,3.4831062639767176,65,24.41321875,32.70490769230769,24.484692307692306,12.261538461538462,3,24.132467532467533,41.096103896103905,63.44155844155844,1001.3564935064935,2.1233766233766236,True
ZHO,Kick Sauber,15.0,13.0,0.0,2024,10,Spanish Grand Prix,Spain,Barcelona,2024-06-23,0,81.78004615384613,78.771,81.268,3.7933587748473694,65,24.476203124999998,32.68241538461538,24.52504615384615,13.430769230769231,3,24.132467532467533,41.096103896103905,63.44155844155844,1001.3564935064935,2.1233766233766236,True
STR,Aston Martin,14.0,14.0,0.0,2024,10,Spanish Grand Prix,Spain,Barcelona,2024-06-23,0,81.93044615384615,79.318,81.3,3.660895839096155,65,24.578765625000003,32.73121538461538,24.531107692307693,12.569230769230769,3,24.132467532467533,41.096103896103905,63.44155844155844,1001.3564935064935,2.1233766233766236,True
RIC,RB,18.0,15.0,0.0,2024,10,Spanish Grand Prix,Spain,Barcelona,2024-06-23,0,82.21964615384616,79.45,81.415,3.7659229256865494,65,24.57815625,32.858584615384615,24.67975384615385,11.738461538461538,3,24.132467532467533,41.096103896103905,63.44155844155844,1001.3564935064935,2.1233766233766236,True
BOT,Kick Sauber,12.0,16.0,0.0,2024,10,Spanish Grand Prix,Spain,Barcelona,2024-06-23,0,82.36215384615384,79.608,81.601,3.437073429127102,65,24.660765625,32.903461538461535,24.710830769230768,14.96923076923077,3,24.132467532467533,41.096103896103905,63.44155844155844,1001.3564935064935,2.1233766233766236,True
MAG,Haas F1 Team,16.0,17.0,0.0,2024,10,Spanish Grand Prix,Spain,Barcelona,2024-06-23,0,82.38484615384615,79.805,81.366,4.235102405162304,65,24.655328124999997,32.91304615384616,24.719030769230766,14.015384615384615,3,24.132467532467533,41.096103896103905,63.44155844155844,1001.3564935064935,2.1233766233766236,True
ALB,Williams,20.0,18.0,0.0,2024,10,Spanish Grand Prix,Spain,Barcelona,2024-06-23,0,82.43655384615386,79.132,81.577,3.738816983814739,65,24.673546875,32.91761538461538,24.68178461538461,11.523076923076923,3,24.132467532467533,41.096103896103905,63.44155844155844,1001.3564935064935,2.1233766233766236,True
TSU,RB,17.0,19.0,0.0,2024,10,Spanish Grand Prix,Spain,Barcelona,2024-06-23,0,82.52509230769232,79.447,81.553,4.310488479145508,65,24.824921875,32.869630769230774,24.739092307692307,9.23076923076923,4,24.132467532467533,41.096103896103905,63.44155844155844,1001.3564935064935,2.1233766233766236,True
SAR,Williams,19.0,20.0,0.0,2024,10,Spanish Grand Prix,Spain,Barcelona,2024-06-23,0,82.892078125,80.172,82.314,3.5522431424391487,64,24.816206349206347,33.03003125,24.945171875,12.1875,3,24.132467532467533,41.096103896103905,63.44155844155844,1001.3564935064935,2.1233766233766236,True
RUS,Mercedes,3.0,1.0,25.0,2024,11,Austrian Grand Prix,Austria,Spielberg,2024-06-30,1,71.30701408450705,69.164,70.467,3.4325620647513757,71,18.092585714285715,31.84988732394366,21.328056338028173,12.366197183098592,3,29.42587412587413,46.420979020979026,35.00699300699301,932.862937062937,1.667832167832168,True
PIA,McLaren,7.0,2.0,18.0,2024,11,Austrian Grand Prix,Austria,Spielberg,2024-06-30,0,71.33385915492956,68.697,70.607,3.4465205737951954,71,18.189685714285712,31.74301408450705,21.34698591549296,12.47887323943662,3,29.42587412587413,46.420979020979026,35.00699300699301,932.862937062937,1.667832167832168,True
SAI,Ferrari,4.0,3.0,15.0,2024,11,Austrian Grand Prix,Austria,Spielberg,2024-06-30,0,71.37085915492958,69.282,70.509,3.463461622199777,71,18.195542857142858,31.669380281690145,21.463718309859154,12.366197183098592,3,29.42587412587413,46.420979020979026,35.00699300699301,932.862937062937,1.667832167832168,True
HAM,Mercedes,5.0,4.0,12.0,2024,11,Austrian Grand Prix,Austria,Spielberg,2024-06-30,0,71.63295774647887,69.562,70.677,3.5937583607321164,71,18.281700000000004,31.803676056338038,21.507619718309858,13.098591549295774,3,29.42587412587413,46.420979020979026,35.00699300699301,932.862937062937,1.667832167832168,True
VER,Red Bull Racing,1.0,5.0,10.0,2024,11,Austrian Grand Prix,Austria,Spielberg,2024-06-30,0,71.69085915492958,67.719,70.288,5.591279468436986,71,18.587899999999998,31.608028169014087,21.474169014084506,12.126760563380282,4,29.42587412587413,46.420979020979026,35.00699300699301,932.862937062937,1.667832167832168,True
HUL,Haas F1 Team,9.0,6.0,8.0,2024,11,Austrian Grand Prix,Austria,Spielberg,2024-06-30,0,72.06881690140845,70.215,71.192,3.4406554704003676,71,18.218442857142858,32.02245070422534,21.763957746478873,14.084507042253522,3,29.42587412587413,46.420979020979026,35.00699300699301,932.862937062937,1.667832167832168,True
PER,Red Bull Racing,8.0,7.0,6.0,2024,11,Austrian Grand Prix,Austria,Spielberg,2024-06-30,0,72.07704225352113,69.694,71.138,3.840466963559137,71,18.26131428571428,32.00128169014085,21.76253521126761,14.169014084507042,3,29.42587412587413,46.420979020979026,35.00699300699301,932.862937062937,1.667832167832168,True
MAG,Haas F1 Team,12.0,8.0,4.0,2024,11,Austrian Grand Prix,Austria,Spielberg,2024-06-30,0,72.15708450704226,70.125,71.273,3.3631404063399644,71,18.12317142857143,32.0947323943662,21.87107042253521,14.394366197183098,3,29.42587412587413,46.420979020979026,35.00699300699301,932.862937062937,1.667832167832168,True
RIC,RB,11.0,9.0,2.0,2024,11,Austrian Grand Prix,Austria,Spielberg,2024-06-30,0,72.16854929577465,70.426,71.376,3.4415351715217044,71,18.096928571428574,32.03446478873239,21.971253521126762,14.47887323943662,3,29.42587412587413,46.420979020979026,35.00699300699301,932.862937062937,1.667832167832168,True
GAS,Alpine,13.0,10.0,1.0,2024,11,Austrian Grand Prix,Austria,Spielberg,2024-06-30,0,72.17695774647886,69.609,71.343,3.454916386983378,71,18.13138571428572,32.11712676056339,21.85422535211268,12.647887323943662,3,29.42587412587413,46.420979020979026,35.00699300699301,932.862937062937,1.667832167832168,True
LEC,Ferrari,6.0,11.0,0.0,2024,11,Austrian Grand Prix,Austria,Spielberg,2024-06-30,0,72.25146478873239,69.584,70.622,5.274202157214968,71,18.690685714285717,31.87261971830986,21.63567605633803,11.169014084507042,5,29.42587412587413,46.420979020979026,35.00699300699301,932.862937062937,1.667832167832168,True
OCO,Alpine,10.0,12.0,0.0,2024,11,Austrian Grand Prix,Austria,Spielberg,2024-06-30,0,72.26933802816902,69.649,71.478,3.513661394954037,71,18.251257142857146,32.24209859154929,21.71481690140845,12.619718309859154,3,29.42587412587413,46.420979020979026,35.00699300699301,932.862937062937,1.667832167832168,True
STR,Aston Martin,17.0,13.0,0.0,2024,11,Austrian Grand Prix,Austria,Spielberg,2024-06-30,0,72.4718857142857,70.143,71.539,3.5842592044550154,70,18.19333333333333,32.36731428571428,21.831957142857142,13.014285714285714,3,29.42587412587413,46.420979020979026,35.00699300699301,932.862937062937,1.667832167832168,True
TSU,RB,14.0,14.0,0.0,2024,11,Austrian Grand Prix,Austria,Spielberg,2024-06-30,0,72.51347142857144,70.318,71.5655,3.8247736533253627,70,18.404869565217393,32.14032857142857,21.897400000000005,12.257142857142858,3,29.42587412587413,46.420979020979026,35.00699300699301,932.862937062937,1.667832167832168,True
ALB,Williams,16.0,15.0,0.0,2024,11,Austrian Grand Prix,Austria,Spielberg,2024-06-30,0,72.48091428571426,70.364,71.535,3.6591151925768313,70,18.29472463768116,32.27232857142857,21.83857142857143,13.6,3,29.42587412587413,46.420979020979026,35.00699300699301,932.862937062937,1.667832167832168,True
BOT,Kick Sauber,18.0,16.0,0.0,2024,11,Austrian Grand Prix,Austria,Spielberg,2024-06-30,0,72.6024714285714,70.449,71.64750000000001,3.6795129235055435,70,18.433463768115942,32.237228571428574,21.85648571428572,12.457142857142857,3,29.42587412587413,46.420979020979026,35.00699300699301,932.862937062937,1.667832167832168,True
ZHO,Kick Sauber,20.0,17.0,0.0,2024,11,Austrian Grand Prix,Austria,Spielberg,2024-06-30,0,72.96685714285714,70.47,72.009,3.6725593148817963,70,18.551391304347824,32.33914285714287,21.921914285714283,12.457142857142857,3,29.42587412587413,46.420979020979026,35.00699300699301,932.862937062937,1.667832167832168,True
ALO,Aston Martin,15.0,18.0,0.0,2024,11,Austrian Grand Prix,Austria,Spielberg,2024-06-30,0,73.00654285714288,67.694,71.53800000000001,5.107673592460873,70,18.713652173913044,32.287971428571424,21.939585714285716,14.571428571428571,4,29.42587412587413,46.420979020979026,35.00699300699301,932.862937062937,1.667832167832168,True
SAR,Williams,19.0,19.0,0.0,2024,11,Austrian Grand Prix,Austria,Spielberg,2024-06-30,0,73.46531884057971,70.406,72.051,5.030344165786021,69,18.80430882352941,32.45440579710145,22.132826086956523,14.057971014492754,4,29.42587412587413,46.420979020979026,35.00699300699301,932.862937062937,1.667832167832168,True
NOR,McLaren,2.0,20.0,0.0,2024,11,Austrian Grand Prix,Austria,Spielberg,2024-06-30,0,71.73521875,68.016,70.4175,6.9128162787513645,64,18.091158730158728,31.709218749999998,21.89396875,12.078125,3,29.42587412587413,46.420979020979026,35.00699300699301,932.862937062937,1.667832167832168,True
HAM,Mercedes,2.0,1.0,25.0,2024,12,British Grand Prix,United Kingdom,Silverstone,2024-07-07,1,95.13575,89.438,91.731,6.837995927815659,52,31.042215686274506,38.106730769230765,25.952096153846153,10.826923076923077,3,15.77074829931973,27.670068027210885,67.33333333333333,992.1265306122449,1.3482993197278912,True
VER,Red Bull Racing,4.0,2.0,18.0,2024,12,British Grand Prix,United Kingdom,Silverstone,2024-07-07,0,95.16392307692308,88.952,92.09049999999999,6.7026569851539834,52,31.038823529411765,38.049942307692305,26.036903846153844,10.26923076923077,3,15.77074829931973,27.670068027210885,67.33333333333333,992.1265306122449,1.3482993197278912,True
NOR,McLaren,3.0,3.0,15.0,2024,12,British Grand Prix,United Kingdom,Silverstone,2024-07-07,0,95.28088461538461,89.262,91.976,6.543680656591133,52,31.02278431372549,38.23286538461538,25.980173076923077,11.01923076923077,3,15.77074829931973,27.670068027210885,67.33333333333333,992.1265306122449,1.3482993197278912,True
PIA,McLaren,5.0,4.0,12.0,2024,12,British Grand Prix,United Kingdom,Silverstone,2024-07-07,0,95.37476923076922,88.748,91.926,7.334520069614897,52,30.996254901960793,38.243634615384615,26.085846153846155,10.884615384615385,3,15.77074829931973,27.670068027210885,67.33333333333333,992.1265306122449,1.3482993197278912,True
SAI,Ferrari,7.0,5.0,11.0,2024,12,British Grand Prix,United Kingdom,Silverstone,2024-07-07,0,96.04571153846155,88.293,92.4695,7.163074179391982,52,31.46401960784313,38.43392307692308,26.09951923076924,9.942307692307692,4,15.77074829931973,27.670068027210885,67.33333333333333,992.1265306122449,1.3482993197278912,True
HUL,Haas F1 Team,6.0,6.0,8.0,2024,12,British Grand Prix,United Kingdom,Silverstone,2024-07-07,0,96.20732692307693,89.836,92.7505,6.797009624254046,52,31.144803921568627,38.72838461538461,26.255346153846155,11.0,3,15.77074829931973,27.670068027210885,67.33333333333333,992.1265306122449,1.3482993197278912,True
STR,Aston Martin,8.0,7.0,6.0,2024,12,British Grand Prix,United Kingdom,Silverstone,2024-07-07,0,96.22361538461536,89.897,93.015,6.872325767672366,52,31.139117647058825,38.673115384615386,26.34584615384616,10.25,3,15.77074829931973,27.670068027210885,67.33333333333333,992.1265306122449,1.3482993197278912,True
ALO,Aston Martin,10.0,8.0,4.0,2024,12,British Grand Prix,United Kingdom,Silverstone,2024-07-07,0,96.35838461538461,89.71,92.7265,7.410280702137036,52,31.204803921568622,38.73851923076923,26.333634615384614,10.557692307692308,3,15.77074829931973,27.670068027210885,67.33333333333333,992.1265306122449,1.3482993197278912,True
ALB,Williams,9.0,9.0,2.0,2024,12,British Grand Prix,United Kingdom,Silverstone,2024-07-07,0,96.45088461538461,89.718,93.0795,7.605862008239837,52,31.318941176470585,38.72523076923077,26.318096153846156,10.557692307692308,3,15.77074829931973,27.670068027210885,67.33333333333333,992.1265306122449,1.3482993197278912,True
TSU,RB,13.0,10.0,1.0,2024,12,British Grand Prix,United Kingdom,Silverstone,2024-07-07,0,96.66080769230767,90.229,93.13499999999999,7.097897476699955,52,31.23749019607843,38.907096153846155,26.433038461538466,10.557692307692308,3,15.77074829931973,27.670068027210885,67.33333333333333,992.1265306122449,1.3482993197278912,True
SAR,Williams,12.0,11.0,0.0,2024,12,British Grand Prix,United Kingdom,Silverstone,2024-07-07,0,96.84651923076922,89.972,93.229,7.444235644641849,52,31.467745098039217,38.89671153846153,26.40044230769231,10.557692307692308,3,15.77074829931973,27.670068027210885,67.33333333333333,992.1265306122449,1.3482993197278912,True
MAG,Haas F1 Team,17.0,12.0,0.0,2024,12,British Grand Prix,United Kingdom,Silverstone,2024-07-07,0,96.86946153846154,90.093,93.2685,7.832914884430125,52,31.323294117647055,38.99425,26.44086538461539,10.634615384615385,3,15.77074829931973,27.670068027210885,67.33333333333333,992.1265306122449,1.3482993197278912,True
RIC,RB,15.0,13.0,0.0,2024,12,British Grand Prix,United Kingdom,Silverstone,2024-07-07,0,97.196,90.735,93.709,7.214845392660885,51,31.381259999999997,39.1621568627451,26.55427450980392,10.235294117647058,3,15.77074829931973,27.670068027210885,67.33333333333333,992.1265306122449,1.3482993197278912,True
LEC,Ferrari,11.0,14.0,0.0,2024,12,British Grand Prix,United Kingdom,Silverstone,2024-07-07,0,97.79474509803921,89.748,92.858,8.425745452701827,51,32.05014,39.21841176470588,26.470411764705887,7.568627450980392,4,15.77074829931973,27.670068027210885,67.33333333333333,992.1265306122449,1.3482993197278912,True
BOT,Kick Sauber,16.0,15.0,0.0,2024,12,British Grand Prix,United Kingdom,Silverstone,2024-07-07,0,97.82117647058824,91.277,94.076,7.597499832723611,51,31.601660000000003,39.42464705882353,26.68360784313726,10.235294117647058,3,15.77074829931973,27.670068027210885,67.33333333333333,992.1265306122449,1.3482993197278912,True
OCO,Alpine,18.0,16.0,0.0,2024,12,British Grand Prix,United Kingdom,Silverstone,2024-07-07,0,99.15482000000002,90.875,95.70949999999999,8.32105901739799,50,32.62655102040816,39.47384,26.97302,7.28,5,15.77074829931973,27.670068027210885,67.33333333333333,992.1265306122449,1.3482993197278912,True
PER,Red Bull Racing,20.0,17.0,0.0,2024,12,British Grand Prix,United Kingdom,Silverstone,2024-07-07,0,99.30127999999999,89.707,94.53,9.374650656979608,50,32.69887755102041,39.526900000000005,26.85376,6.82,5,15.77074829931973,27.670068027210885,67.33333333333333,992.1265306122449,1.3482993197278912,True
ZHO,Kick Sauber,14.0,18.0,0.0,2024,12,British Grand Prix,United Kingdom,Silverstone,2024-07-07,0,100.0307,91.014,96.0755,9.213346745624092,50,33.153510204081634,39.85396,26.959099999999992,6.08,5,15.77074829931973,27.670068027210885,67.33333333333333,992.1265306122449,1.3482993197278912,True
RUS,Mercedes,1.0,19.0,0.0,2024,12,British Grand Prix,United Kingdom,Silverstone,2024-07-07,0,96.11142424242425,91.298,91.799,7.15175211062953,33,31.11746875,38.43463636363636,26.516333333333332,12.090909090909092,2,15.77074829931973,27.670068027210885,67.33333333333333,992.1265306122449,1.3482993197278912,True
GAS,Alpine,19.0,20.0,0.0,2024,12,British Grand Prix,United Kingdom,Silverstone,2024-07-07,0,,,,,1,,,,1.0,1,15.77074829931973,27.670068027210885,67.33333333333333,992.1265306122449,1.3482993197278912,True
PIA,McLaren,2.0,1.0,25.0,2024,13,Hungarian Grand Prix,Hungary,Budapest,2024-07-21,1,84.02841428571428,81.716,83.6815,3.2790359067954453,70,30.520782608695647,29.76595714285714,23.69757142857143,13.342857142857143,3,28.82387096774194,44.91612903225806,46.92258064516129,981.6767741935486,1.2496774193548386,False
NOR,McLaren,1.0,2.0,18.0,2024,13,Hungarian Grand Prix,Hungary,Budapest,2024-07-21,0,84.059,81.712,83.721,3.1206958486385923,70,30.61120289855073,29.69647142857143,23.68857142857143,13.385714285714286,3,28.82387096774194,44.91612903225806,46.92258064516129,981.6767741935486,1.2496774193548386,False
HAM,Mercedes,5.0,3.0,15.0,2024,13,Hungarian Grand Prix,Hungary,Budapest,2024-07-21,0,84.24098571428571,82.153,83.41,3.110215559391329,70,30.594739130434785,29.874971428571428,23.706628571428578,12.871428571428572,3,28.82387096774194,44.91612903225806,46.92258064516129,981.6767741935486,1.2496774193548386,False
LEC,Ferrari,6.0,4.0,12.0,2024,13,Hungarian Grand Prix,Hungary,Budapest,2024-07-21,0,84.30964285714286,82.182,83.38300000000001,3.248722625384841,70,30.520710144927538,29.839514285714287,23.881700000000002,12.771428571428572,3,28.82387096774194,44.91612903225806,46.92258064516129,981.6767741935486,1.2496774193548386,False
VER,Red Bull Racing,3.0,5.0,10.0,2024,13,Hungarian Grand Prix,Hungary,Budapest,2024-07-21,0,84.3334,80.908,83.90299999999999,3.1285966081027268,70,30.551028985507248,30.004942857142858,23.72174285714286,12.4,3,28.82387096774194,44.91612903225806,46.92258064516129,981.6767741935486,1.2496774193548386,False
SAI,Ferrari,4.0,6.0,8.0,2024,13,Hungarian Grand Prix,Hungary,Budapest,2024-07-21,0,84.35802857142858,81.441,83.774,3.3089985216925,70,30.60317391304348,29.917514285714287,23.762885714285712,12.257142857142858,3,28.82387096774194,44.91612903225806,46.92258064516129,981.6767741935486,1.2496774193548386,False
PER,Red Bull Racing,16.0,7.0,6.0,2024,13,Hungarian Grand Prix,Hungary,Budapest,2024-07-21,0,84.59687142857143,81.096,83.876,3.667621185065718,70,30.45363768115942,30.24274285714286,23.79288571428571,12.457142857142857,3,28.82387096774194,44.91612903225806,46.92258064516129,981.6767741935486,1.2496774193548386,False
RUS,Mercedes,17.0,8.0,5.0,2024,13,Hungarian Grand Prix,Hungary,Budapest,2024-07-21,0,84.63367142857143,80.305,84.64699999999999,3.3921642816444773,70,30.578304347826084,30.079057142857145,23.87272857142857,13.2,3,28.82387096774194,44.91612903225806,46.92258064516129,981.6767741935486,1.2496774193548386,False
TSU,RB,10.0,9.0,2.0,2024,13,Hungarian Grand Prix,Hungary,Budapest,2024-07-21,0,85.1321142857143,83.533,84.58699999999999,2.5285506677745473,70,30.574550724637678,30.513085714285715,23.953985714285714,18.514285714285716,2,28.82387096774194,44.91612903225806,46.92258064516129,981.6767741935486,1.2496774193548386,False
STR,Aston Martin,8.0,10.0,1.0,2024,13,Hungarian Grand Prix,Hungary,Budapest,2024-07-21,0,85.14235714285715,82.338,84.5455,3.53170973102598,70,30.621695652173912,30.44572857142857,23.997785714285712,14.628571428571428,3,28.82387096774194,44.91612903225806,46.92258064516129,981.6767741935486,1.2496774193548386,False
ALO,Aston Martin,7.0,11.0,0.0,2024,13,Hungarian Grand Prix,Hungary,Budapest,2024-07-21,0,85.20641428571429,83.063,84.65899999999999,3.2021862843677535,70,30.736681159420286,30.45680000000001,23.943528571428576,16.15714285714286,3,28.82387096774194,44.91612903225806,46.92258064516129,981.6767741935486,1.2496774193548386,False
RIC,RB,9.0,12.0,0.0,2024,13,Hungarian Grand Prix,Hungary,Budapest,2024-07-21,0,85.50598550724636,82.64,85.145,3.250541658449602,69,30.73129411764706,30.602318840579702,24.089971014492754,16.231884057971016,3,28.82387096774194,44.91612903225806,46.92258064516129,981.6767741935486,1.2496774193548386,False
HUL,Haas F1 Team,11.0,13.0,0.0,2024,13,Hungarian Grand Prix,Hungary,Budapest,2024-07-21,0,85.72714492753624,83.461,85.022,3.3654998417128903,69,30.810676470588238,30.675913043478268,24.146637681159422,17.405797101449274,3,28.82387096774194,44.91612903225806,46.92258064516129,981.6767741935486,1.2496774193548386,False
ALB,Williams,13.0,14.0,0.0,2024,13,Hungarian Grand Prix,Hungary,Budapest,2024-07-21,0,85.77910144927534,83.93,84.98,3.3245087790393386,69,30.975514705882347,30.64814492753623,24.080246376811594,16.18840579710145,3,28.82387096774194,44.91612903225806,46.92258064516129,981.6767741935486,1.2496774193548386,False
MAG,Haas F1 Team,15.0,15.0,0.0,2024,13,Hungarian Grand Prix,Hungary,Budapest,2024-07-21,0,85.90276811594204,83.553,85.413,3.353462815837348,69,30.883470588235294,30.6483768115942,24.288289855072463,15.318840579710145,3,28.82387096774194,44.91612903225806,46.92258064516129,981.6767741935486,1.2496774193548386,False
BOT,Kick Sauber,12.0,16.0,0.0,2024,13,Hungarian Grand Prix,Hungary,Budapest,2024-07-21,0,85.9043188405797,82.792,85.395,3.3536315412538618,69,30.894338235294118,30.714695652173912,24.205478260869562,12.855072463768115,3,28.82387096774194,44.91612903225806,46.92258064516129,981.6767741935486,1.2496774193548386,False
SAR,Williams,14.0,17.0,0.0,2024,13,Hungarian Grand Prix,Hungary,Budapest,2024-07-21,0,86.00840579710143,80.561,85.427,3.9198058449773807,69,31.120514705882357,30.594623188405805,24.18386956521739,12.27536231884058,4,28.82387096774194,44.91612903225806,46.92258064516129,981.6767741935486,1.2496774193548386,False
OCO,Alpine,19.0,18.0,0.0,2024,13,Hungarian Grand Prix,Hungary,Budapest,2024-07-21,0,86.12924637681158,81.61,85.239,3.885641189445016,69,31.037852941176464,30.713130434782617,24.28226086956522,13.492753623188406,4,28.82387096774194,44.91612903225806,46.92258064516129,981.6767741935486,1.2496774193548386,False
ZHO,Kick Sauber,18.0,19.0,0.0,2024,13,Hungarian Grand Prix,Hungary,Budapest,2024-07-21,0,86.16792753623189,83.487,85.524,3.529242621295099,69,31.058191176470594,30.764492753623195,24.24008695652174,14.942028985507246,3,28.82387096774194,44.91612903225806,46.92258064516129,981.6767741935486,1.2496774193548386,False
GAS,Alpine,20.0,20.0,0.0,2024,13,Hungarian Grand Prix,Hungary,Budapest,2024-07-21,0,86.6440909090909,83.34,85.728,3.650426193984379,33,30.90409375,31.064212121212126,24.369848484848486,12.757575757575758,2,28.82387096774194,44.91612903225806,46.92258064516129,981.6767741935486,1.2496774193548386,False
HAM,Mercedes,3.0,1.0,25.0,2024,14,Belgian Grand Prix,Belgium,Spa-Francorchamps,2024-07-28,1,109.0355909090909,106.653,108.034,3.507505118219222,44,31.923,47.70977272727273,29.35979545454546,8.113636363636363,3,21.32846715328467,42.26715328467153,49.583941605839414,978.0963503649635,1.6832116788321165,False
PIA,McLaren,5.0,2.0,18.0,2024,14,Belgian Grand Prix,Belgium,Spa-Francorchamps,2024-07-28,0,109.05029545454545,105.84,108.17699999999999,3.480904216793459,44,31.628000000000004,48.117409090909085,29.248136363636366,8.204545454545455,3,21.32846715328467,42.26715328467153,49.583941605839414,978.0963503649635,1.6832116788321165,False
LEC,Ferrari,1.0,3.0,15.0,2024,14,Belgian Grand Prix,Belgium,Spa-Francorchamps,2024-07-28,0,109.21793181818181,107.013,108.3,3.2954481743249633,44,31.936953488372087,47.875840909090904,29.365568181818173,8.159090909090908,3,21.32846715328467,42.26715328467153,49.583941605839414,978.0963503649635,1.6832116788321165,False
VER,Red Bull Racing,11.0,4.0,12.0,2024,14,Belgian Grand Prix,Belgium,Spa-Francorchamps,2024-07-28,0,109.23331818181822,106.128,108.417,3.4611386268221533,44,31.56909302325581,48.32995454545455,29.249204545454543,8.227272727272727,3,21.32846715328467,42.26715328467153,49.583941605839414,978.0963503649635,1.6832116788321165,False
NOR,McLaren,4.0,5.0,10.0,2024,14,Belgian Grand Prix,Belgium,Spa-Francorchamps,2024-07-28,0,109.2475,105.563,108.1615,3.273779676779276,44,31.559255813953488,48.386295454545454,29.228090909090916,7.840909090909091,3,21.32846715328467,42.26715328467153,49.583941605839414,978.0963503649635,1.6832116788321165,False
SAI,Ferrari,7.0,6.0,8.0,2024,14,Belgian Grand Prix,Belgium,Spa-Francorchamps,2024-07-28,0,109.47352272727272,106.364,108.9365,3.366631043174587,44,31.830046511627913,48.226318181818186,29.357204545454547,8.681818181818182,3,21.32846715328467,42.26715328467153,49.583941605839414,978.0963503649635,1.6832116788321165,False
PER,Red Bull Racing,2.0,7.0,7.0,2024,14,Belgian Grand Prix,Belgium,Spa-Francorchamps,2024-07-28,0,110.00534090909092,104.701,108.529,4.042204371800589,44,32.26748837209303,48.122977272727276,29.57754545454546,8.068181818181818,4,21.32846715328467,42.26715328467153,49.583941605839414,978.0963503649635,1.6832116788321165,False
ALO,Aston Martin,8.0,8.0,4.0,2024,14,Belgian Grand Prix,Belgium,Spa-Francorchamps,2024-07-28,0,110.1591590909091,108.051,109.50450000000001,2.674890712335494,44,31.618697674418605,48.98018181818181,29.475818181818184,13.340909090909092,2,21.32846715328467,42.26715328467153,49.583941605839414,978.0963503649635,1.6832116788321165,False
OCO,Alpine,9.0,9.0,2.0,2024,14,Belgian Grand Prix,Belgium,Spa-Francorchamps,2024-07-28,0,110.21799999999999,106.957,109.47800000000001,3.531629375587369,44,31.558395348837198,49.280681818181804,29.28436363636364,8.045454545454545,3,21.32846715328467,42.26715328467153,49.583941605839414,978.0963503649635,1.6832116788321165,False
RIC,RB,13.0,10.0,1.0,2024,14,Belgian Grand Prix,Belgium,Spa-Francorchamps,2024-07-28,0,110.27195454545455,107.435,109.44800000000001,3.7172649420035464,44,31.77044186046512,48.91,29.481477272727272,9.159090909090908,3,21.32846715328467,42.26715328467153,49.583941605839414,978.0963503649635,1.6832116788321165,False
STR,Aston Martin,15.0,11.0,0.0,2024,14,Belgian Grand Prix,Belgium,Spa-Francorchamps,2024-07-28,0,110.45570454545454,108.105,109.652,2.893543097115123,44,31.55537209302325,49.34084090909091,29.432318181818186,13.772727272727273,2,21.32846715328467,42.26715328467153,49.583941605839414,978.0963503649635,1.6832116788321165,False
ALB,Williams,10.0,12.0,0.0,2024,14,Belgian Grand Prix,Belgium,Spa-Francorchamps,2024-07-28,0,110.47025,107.996,109.81649999999999,3.358259752305276,44,31.746,49.25175000000001,29.393636363636368,8.795454545454545,3,21.32846715328467,42.26715328467153,49.583941605839414,978.0963503649635,1.6832116788321165,False
GAS,Alpine,12.0,13.0,0.0,2024,14,Belgian Grand Prix,Belgium,Spa-Francorchamps,2024-07-28,0,110.48647727272727,107.418,109.8075,3.5915580896178425,44,31.882837209302338,49.049068181818186,29.454772727272726,8.431818181818182,3,21.32846715328467,42.26715328467153,49.583941605839414,978.0963503649635,1.6832116788321165,False
MAG,Haas F1 Team,17.0,14.0,0.0,2024,14,Belgian Grand Prix,Belgium,Spa-Francorchamps,2024-07-28,0,110.53797727272728,107.848,109.93,3.015213853255987,44,31.551162790697674,49.38252272727272,29.475977272727274,12.068181818181818,2,21.32846715328467,42.26715328467153,49.583941605839414,978.0963503649635,1.6832116788321165,False
BOT,Kick Sauber,14.0,15.0,0.0,2024,14,Belgian Grand Prix,Belgium,Spa-Francorchamps,2024-07-28,0,110.62904545454545,107.019,109.84450000000001,3.321062781382766,44,31.83606976744186,49.16615909090908,29.53375,9.340909090909092,3,21.32846715328467,42.26715328467153,49.583941605839414,978.0963503649635,1.6832116788321165,False
TSU,RB,20.0,16.0,0.0,2024,14,Belgian Grand Prix,Belgium,Spa-Francorchamps,2024-07-28,0,110.76765909090909,107.969,109.6465,3.168376988545294,44,31.632279069767446,49.5090909090909,29.49627272727273,12.613636363636363,2,21.32846715328467,42.26715328467153,49.583941605839414,978.0963503649635,1.6832116788321165,False
SAR,Williams,18.0,17.0,0.0,2024,14,Belgian Grand Prix,Belgium,Spa-Francorchamps,2024-07-28,0,110.97947727272727,107.49,110.41550000000001,3.8345666592964225,44,31.899279069767434,49.41013636363636,29.539295454545456,8.681818181818182,3,21.32846715328467,42.26715328467153,49.583941605839414,978.0963503649635,1.6832116788321165,False
HUL,Haas F1 Team,16.0,18.0,0.0,2024,14,Belgian Grand Prix,Belgium,Spa-Francorchamps,2024-07-28,0,111.04256818181817,108.954,109.815,3.5495203108453395,44,31.82286046511628,49.50722727272727,29.60109090909091,9.522727272727273,3,21.32846715328467,42.26715328467153,49.583941605839414,978.0963503649635,1.6832116788321165,False
ZHO,Kick Sauber,19.0,19.0,0.0,2024,14,Belgian Grand Prix,Belgium,Spa-Francorchamps,2024-07-28,0,119.80725000000001,112.099,116.7485,10.124522980532632,5,31.676000000000002,52.611000000000004,34.8546,3.0,1,21.32846715328467,42.26715328467153,49.583941605839414,978.0963503649635,1.6832116788321165,False
RUS,Mercedes,6.0,20.0,0.0,2024,14,Belgian Grand Prix,Belgium,Spa-Francorchamps,2024-07-28,0,109.02363636363638,107.113,108.28999999999999,2.6511052376268505,44,31.365511627906972,48.380227272727275,29.214795454545456,14.772727272727273,2,21.32846715328467,42.26715328467153,49.583941605839414,978.0963503649635,1.6832116788321165,False
NOR,McLaren,1.0,1.0,26.0,2024,15,Dutch Grand Prix,Netherlands,Zandvoort,2024-08-25,1,75.63220833333334,73.817,74.945,2.5702755205931846,72,25.70383098591549,27.335,22.52434722222222,19.38888888888889,2,19.00588235294118,30.80588235294118,60.96078431372549,1019.981045751634,4.568627450980392,False
VER,Red Bull Racing,2.0,2.0,18.0,2024,15,Dutch Grand Prix,Netherlands,Zandvoort,2024-08-25,0,75.95020833333335,74.752,75.269,2.421243371292561,72,25.88138028169014,27.309930555555557,22.700625000000002,19.625,2,19.00588235294118,30.80588235294118,60.96078431372549,1019.981045751634,4.568627450980392,False
LEC,Ferrari,6.0,3.0,15.0,2024,15,Dutch Grand Prix,Netherlands,Zandvoort,2024-08-25,0,75.98552777777779,74.585,75.29150000000001,2.413073576110884,72,25.91956338028169,27.44373611111111,22.537652777777776,20.5,2,19.00588235294118,30.80588235294118,60.96078431372549,1019.981045751634,4.568627450980392,False
PIA,McLaren,3.0,4.0,12.0,2024,15,Dutch Grand Prix,Netherlands,Zandvoort,2024-08-25,0,76.01188888888889,74.237,75.33250000000001,2.543273262724414,72,25.72945070422535,27.575875,22.622,18.625,2,19.00588235294118,30.80588235294118,60.96078431372549,1019.981045751634,4.568627450980392,False
SAI,Ferrari,10.0,5.0,10.0,2024,15,Dutch Grand Prix,Netherlands,Zandvoort,2024-08-25,0,76.07855555555555,74.117,75.1885,2.725975560681624,72,25.970281690140844,27.45448611111111,22.55111111111111,19.0,2,19.00588235294118,30.80588235294118,60.96078431372549,1019.981045751634,4.568627450980392,False
PER,Red Bull Racing,5.0,6.0,8.0,2024,15,Dutch Grand Prix,Netherlands,Zandvoort,2024-08-25,0,76.18140277777778,74.587,75.471,2.7808801001229417,72,25.946338028169016,27.458000000000002,22.689375,19.180555555555557,2,19.00588235294118,30.80588235294118,60.96078431372549,1019.981045751634,4.568627450980392,False
RUS,Mercedes,4.0,7.0,6.0,2024,15,Dutch Grand Prix,Netherlands,Zandvoort,2024-08-25,0,76.2518888888889,73.927,75.557,3.3762745681166724,72,26.16361971830986,27.358111111111114,22.65663888888889,13.680555555555555,3,19.00588235294118,30.80588235294118,60.96078431372549,1019.981045751634,4.568627450980392,False
HAM,Mercedes,14.0,8.0,4.0,2024,15,Dutch Grand Prix,Netherlands,Zandvoort,2024-08-25,0,76.32108333333333,73.878,75.446,3.5572557778453446,72,26.153042253521125,27.372180555555556,22.688013888888886,12.51388888888889,3,19.00588235294118,30.80588235294118,60.96078431372549,1019.981045751634,4.568627450980392,False
GAS,Alpine,9.0,9.0,2.0,2024,15,Dutch Grand Prix,Netherlands,Zandvoort,2024-08-25,0,76.81863380281689,74.855,76.516,2.900235597520788,71,26.16604285714286,27.644478873239436,22.916732394366193,18.422535211267604,2,19.00588235294118,30.80588235294118,60.96078431372549,1019.981045751634,4.568627450980392,False
ALO,Aston Martin,7.0,10.0,1.0,2024,15,Dutch Grand Prix,Netherlands,Zandvoort,2024-08-25,0,76.88805633802818,74.758,76.661,2.7247862714994944,71,26.103142857142856,27.704380281690142,22.984309859154934,18.535211267605632,2,19.00588235294118,30.80588235294118,60.96078431372549,1019.981045751634,4.568627450980392,False
HUL,Haas F1 Team,12.0,11.0,0.0,2024,15,Dutch Grand Prix,Netherlands,Zandvoort,2024-08-25,0,76.9680704225352,75.657,76.321,2.624333364733896,71,26.187042857142853,27.837211267605635,22.840676056338026,24.760563380281692,2,19.00588235294118,30.80588235294118,60.96078431372549,1019.981045751634,4.568627450980392,False
RIC,RB,13.0,12.0,0.0,2024,15,Dutch Grand Prix,Netherlands,Zandvoort,2024-08-25,0,76.9941690140845,75.222,76.288,2.8632863086516305,71,26.324714285714286,27.623802816901406,22.93125352112677,18.845070422535212,2,19.00588235294118,30.80588235294118,60.96078431372549,1019.981045751634,4.568627450980392,False
STR,Aston Martin,8.0,13.0,0.0,2024,15,Dutch Grand Prix,Netherlands,Zandvoort,2024-08-25,0,76.98916901408451,75.255,76.479,2.6348062004411834,71,26.246385714285722,27.78105633802817,22.86469014084507,18.676056338028168,2,19.00588235294118,30.80588235294118,60.96078431372549,1019.981045751634,4.568627450980392,False
ALB,Williams,19.0,14.0,0.0,2024,15,Dutch Grand Prix,Netherlands,Zandvoort,2024-08-25,0,77.27084507042255,74.434,76.49,3.58229101732352,71,26.493885714285717,27.735704225352105,22.92349295774648,15.971830985915492,3,19.00588235294118,30.80588235294118,60.96078431372549,1019.981045751634,4.568627450980392,False
OCO,Alpine,15.0,15.0,0.0,2024,15,Dutch Grand Prix,Netherlands,Zandvoort,2024-08-25,0,77.3577042253521,75.39,77.284,2.8172150097689754,71,26.393242857142862,27.74019718309859,23.10833802816902,18.676056338028168,2,19.00588235294118,30.80588235294118,60.96078431372549,1019.981045751634,4.568627450980392,False
SAR,Williams,18.0,16.0,0.0,2024,15,Dutch Grand Prix,Netherlands,Zandvoort,2024-08-25,0,77.60645070422535,75.539,76.967,2.891231150460363,71,26.392942857142863,28.028267605633804,23.06067605633803,20.816901408450704,2,19.00588235294118,30.80588235294118,60.96078431372549,1019.981045751634,4.568627450980392,False
TSU,RB,11.0,17.0,0.0,2024,15,Dutch Grand Prix,Netherlands,Zandvoort,2024-08-25,0,77.61500000000001,75.552,76.889,3.4835618963518202,71,26.748685714285713,27.743929577464787,23.024633802816897,14.873239436619718,3,19.00588235294118,30.80588235294118,60.96078431372549,1019.981045751634,4.568627450980392,False
MAG,Haas F1 Team,20.0,18.0,0.0,2024,15,Dutch Grand Prix,Netherlands,Zandvoort,2024-08-25,0,77.62290140845073,74.954,77.0,3.0036556401203125,71,26.476557142857143,28.008746478873245,22.945943661971828,18.535211267605632,2,19.00588235294118,30.80588235294118,60.96078431372549,1019.981045751634,4.568627450980392,False
BOT,Kick Sauber,16.0,19.0,0.0,2024,15,Dutch Grand Prix,Netherlands,Zandvoort,2024-08-25,0,77.83952857142859,75.822,76.96600000000001,3.513343622849226,70,26.827797101449274,27.785957142857143,23.121285714285715,12.914285714285715,3,19.00588235294118,30.80588235294118,60.96078431372549,1019.981045751634,4.568627450980392,False
ZHO,Kick Sauber,17.0,20.0,0.0,2024,15,Dutch Grand Prix,Netherlands,Zandvoort,2024-08-25,0,78.30768571428571,75.724,77.69900000000001,3.976633517395966,70,27.043231884057974,27.954542857142854,23.189400000000003,13.17142857142857,3,19.00588235294118,30.80588235294118,60.96078431372549,1019.981045751634,4.568627450980392,False
LEC,Ferrari,4.0,1.0,25.0,2024,16,Italian Grand Prix,Italy,Monza,2024-09-01,1,84.54201886792453,83.226,83.731,3.088701429220365,53,27.862500000000004,28.63054716981132,28.012566037735855,16.245283018867923,2,33.1015037593985,49.31127819548872,32.285714285714285,993.2285714285714,1.518796992481203,False
PIA,McLaren,2.0,2.0,18.0,2024,16,Italian Grand Prix,Italy,Monza,2024-09-01,0,84.59228301886793,81.943,83.66,4.130867590830687,53,28.23005769230769,28.49907547169811,27.842056603773578,9.60377358490566,3,33.1015037593985,49.31127819548872,32.285714285714285,993.2285714285714,1.518796992481203,False
NOR,McLaren,1.0,3.0,16.0,2024,16,Italian Grand Prix,Italy,Monza,2024-09-01,0,84.65811320754716,81.432,83.652,4.155546630063234,53,28.171211538461538,28.629056603773588,27.836622641509436,9.566037735849056,3,33.1015037593985,49.31127819548872,32.285714285714285,993.2285714285714,1.518796992481203,False
SAI,Ferrari,5.0,4.0,12.0,2024,16,Italian Grand Prix,Italy,Monza,2024-09-01,0,84.83675471698113,83.219,84.001,3.095268168484453,53,27.942057692307692,28.818018867924533,28.038169811320753,14.81132075471698,2,33.1015037593985,49.31127819548872,32.285714285714285,993.2285714285714,1.518796992481203,False
HAM,Mercedes,6.0,5.0,10.0,2024,16,Italian Grand Prix,Italy,Monza,2024-09-01,0,84.97258490566038,81.512,83.818,4.198589229335355,53,28.180749999999996,28.749886792452827,28.002490566037732,9.60377358490566,3,33.1015037593985,49.31127819548872,32.285714285714285,993.2285714285714,1.518796992481203,False
VER,Red Bull Racing,7.0,6.0,8.0,2024,16,Italian Grand Prix,Italy,Monza,2024-09-01,0,85.25771698113209,81.745,83.801,4.478256032367607,53,28.434134615384615,28.745792452830184,28.041566037735844,9.830188679245284,3,33.1015037593985,49.31127819548872,32.285714285714285,993.2285714285714,1.518796992481203,False
RUS,Mercedes,3.0,7.0,6.0,2024,16,Italian Grand Prix,Italy,Monza,2024-09-01,0,85.29135849056603,82.036,84.546,5.194251197586468,53,28.407826923076925,28.820245283018867,28.02584905660377,9.981132075471699,3,33.1015037593985,49.31127819548872,32.285714285714285,993.2285714285714,1.518796992481203,False
PER,Red Bull Racing,8.0,8.0,4.0,2024,16,Italian Grand Prix,Italy,Monza,2024-09-01,0,85.56367924528304,82.971,84.773,4.130440695306684,53,28.363538461538464,28.95358490566037,28.203264150943397,9.90566037735849,3,33.1015037593985,49.31127819548872,32.285714285714285,993.2285714285714,1.518796992481203,False
ALB,Williams,9.0,9.0,2.0,2024,16,Italian Grand Prix,Italy,Monza,2024-09-01,0,85.81477358490567,83.918,85.074,3.185222282072619,53,28.055038461538466,29.233339622641516,28.47488679245283,15.452830188679245,2,33.1015037593985,49.31127819548872,32.285714285714285,993.2285714285714,1.518796992481203,False
MAG,Haas F1 Team,13.0,10.0,1.0,2024,16,Italian Grand Prix,Italy,Monza,2024-09-01,0,85.64205660377358,83.437,84.803,3.4174780367033493,53,28.069557692307697,29.13775471698114,28.364962264150943,16.69811320754717,2,33.1015037593985,49.31127819548872,32.285714285714285,993.2285714285714,1.518796992481203,False
ALO,Aston Martin,11.0,11.0,0.0,2024,16,Italian Grand Prix,Italy,Monza,2024-09-01,0,85.83437735849056,82.944,85.011,4.178962781813831,53,28.373884615384615,29.040509433962267,28.369320754716984,11.245283018867925,3,33.1015037593985,49.31127819548872,32.285714285714285,993.2285714285714,1.518796992481203,False
COL,Williams,18.0,12.0,0.0,2024,16,Italian Grand Prix,Italy,Monza,2024-09-01,0,86.07613207547169,83.728,85.147,3.3959320009825773,53,28.16223076923077,29.3281320754717,28.49681132075472,15.830188679245284,2,33.1015037593985,49.31127819548872,32.285714285714285,993.2285714285714,1.518796992481203,False
RIC,RB,12.0,13.0,0.0,2024,16,Italian Grand Prix,Italy,Monza,2024-09-01,0,86.02224528301888,84.219,85.062,3.9690567660032494,53,28.166057692307692,29.173188679245285,28.621075471698106,19.07547169811321,2,33.1015037593985,49.31127819548872,32.285714285714285,993.2285714285714,1.518796992481203,False
OCO,Alpine,15.0,14.0,0.0,2024,16,Italian Grand Prix,Italy,Monza,2024-09-01,0,86.41126923076924,84.343,86.03,3.094420666203424,52,28.20592156862745,29.454192307692306,28.672250000000002,13.98076923076923,2,33.1015037593985,49.31127819548872,32.285714285714285,993.2285714285714,1.518796992481203,False
GAS,Alpine,14.0,15.0,0.0,2024,16,Italian Grand Prix,Italy,Monza,2024-09-01,0,86.52059615384617,83.755,85.477,4.330399932894011,52,28.513490196078433,29.314923076923076,28.62525,9.961538461538462,3,33.1015037593985,49.31127819548872,32.285714285714285,993.2285714285714,1.518796992481203,False
BOT,Kick Sauber,19.0,16.0,0.0,2024,16,Italian Grand Prix,Italy,Monza,2024-09-01,0,86.6911153846154,83.609,86.3365,3.2673975712156804,52,28.363607843137256,29.55365384615385,28.681134615384618,15.442307692307692,2,33.1015037593985,49.31127819548872,32.285714285714285,993.2285714285714,1.518796992481203,False
HUL,Haas F1 Team,10.0,17.0,0.0,2024,16,Italian Grand Prix,Italy,Monza,2024-09-01,0,86.76148076923079,83.275,85.3385,6.728142897022935,52,28.933274509803923,29.289192307692304,28.489115384615385,11.596153846153847,3,33.1015037593985,49.31127819548872,32.285714285714285,993.2285714285714,1.518796992481203,False
ZHO,Kick Sauber,20.0,18.0,0.0,2024,16,Italian Grand Prix,Italy,Monza,2024-09-01,0,86.93811538461537,85.092,85.9935,3.644152536861696,52,28.346372549019613,29.65776923076924,28.835403846153845,16.826923076923077,2,33.1015037593985,49.31127819548872,32.285714285714285,993.2285714285714,1.518796992481203,False
STR,Aston Martin,17.0,19.0,0.0,2024,16,Italian Grand Prix,Italy,Monza,2024-09-01,0,87.00451923076922,82.232,85.62549999999999,5.457026560497565,52,28.804529411764715,29.37069230769231,28.75309615384615,9.961538461538462,4,33.1015037593985,49.31127819548872,32.285714285714285,993.2285714285714,1.518796992481203,False
TSU,RB,16.0,20.0,0.0,2024,16,Italian Grand Prix,Italy,Monza,2024-09-01,0,90.95271428571426,86.198,88.473,5.268238437855224,7,28.238666666666663,30.81914285714286,31.277428571428572,5.0,1,33.1015037593985,49.31127819548872,32.285714285714285,993.2285714285714,1.518796992481203,False
PIA,McLaren,2.0,1.0,25.0,2024,17,Azerbaijan Grand Prix,Azerbaijan,Baku,2024-09-15,1,108.49345999999997,107.06,107.8555,2.4371272165801927,51,39.4612,43.95390196078432,25.900235294117653,15.411764705882353,2,26.70592105263158,44.34934210526316,38.01973684210526,1017.6401315789473,1.5513157894736842,False
LEC,Ferrari,1.0,2.0,18.0,2024,17,Azerbaijan Grand Prix,Azerbaijan,Baku,2024-09-15,0,108.67784000000002,107.067,107.917,2.8350230345679037,51,39.52908,44.07535294117647,25.9454705882353,15.019607843137255,2,26.70592105263158,44.34934210526316,38.01973684210526,1017.6401315789473,1.5513157894736842,False
RUS,Mercedes,5.0,3.0,15.0,2024,17,Azerbaijan Grand Prix,Azerbaijan,Baku,2024-09-15,0,109.1279,106.628,108.338,3.495947731419383,51,39.6901,44.25735294117647,25.923862745098038,16.823529411764707,2,26.70592105263158,44.34934210526316,38.01973684210526,1017.6401315789473,1.5513157894736842,False
NOR,McLaren,15.0,4.0,13.0,2024,17,Azerbaijan Grand Prix,Azerbaijan,Baku,2024-09-15,0,109.23942000000001,105.255,108.92750000000001,3.9673380943264562,51,39.58066,44.23994117647059,26.07835294117647,15.843137254901961,2,26.70592105263158,44.34934210526316,38.01973684210526,1017.6401315789473,1.5513157894736842,False
VER,Red Bull Racing,6.0,5.0,10.0,2024,17,Azerbaijan Grand Prix,Azerbaijan,Baku,2024-09-15,0,109.06310204081632,106.798,108.448,3.0270971259944868,51,40.0097,44.59950980392157,26.175607843137257,15.490196078431373,3,26.70592105263158,44.34934210526316,38.01973684210526,1017.6401315789473,1.5513157894736842,False
ALO,Aston Martin,7.0,6.0,8.0,2024,17,Azerbaijan Grand Prix,Azerbaijan,Baku,2024-09-15,0,110.22398000000001,107.057,109.102,6.293714222450649,51,40.03808,44.824666666666666,26.06390196078431,18.372549019607842,2,26.70592105263158,44.34934210526316,38.01973684210526,1017.6401315789473,1.5513157894736842,False
ALB,Williams,9.0,7.0,6.0,2024,17,Azerbaijan Grand Prix,Azerbaijan,Baku,2024-09-15,0,110.25446000000002,106.947,109.184,6.341978475851464,51,40.27478000000001,44.575431372549026,26.099784313725493,13.843137254901961,2,26.70592105263158,44.34934210526316,38.01973684210526,1017.6401315789473,1.5513157894736842,False
COL,Williams,8.0,8.0,4.0,2024,17,Azerbaijan Grand Prix,Azerbaijan,Baku,2024-09-15,0,110.29074,107.274,109.205,5.2594810359725725,51,40.22038,44.75582352941176,26.023333333333333,17.96078431372549,2,26.70592105263158,44.34934210526316,38.01973684210526,1017.6401315789473,1.5513157894736842,False
HAM,Mercedes,19.0,9.0,2.0,2024,17,Azerbaijan Grand Prix,Azerbaijan,Baku,2024-09-15,0,110.33261999999999,107.236,108.61,5.839325296117485,51,40.29552,44.85027450980391,25.81449019607843,16.823529411764707,2,26.70592105263158,44.34934210526316,38.01973684210526,1017.6401315789473,1.5513157894736842,False
BEA,Haas F1 Team,10.0,10.0,1.0,2024,17,Azerbaijan Grand Prix,Azerbaijan,Baku,2024-09-15,0,110.35770000000001,107.048,108.79400000000001,5.586521111805901,51,40.19808,44.74207843137255,26.108999999999998,15.843137254901961,2,26.70592105263158,44.34934210526316,38.01973684210526,1017.6401315789473,1.5513157894736842,False
HUL,Haas F1 Team,12.0,11.0,0.0,2024,17,Azerbaijan Grand Prix,Azerbaijan,Baku,2024-09-15,0,110.39265999999999,107.691,108.86449999999999,6.093579801759238,51,40.283300000000004,44.60880392156863,26.13794117647059,15.411764705882353,2,26.70592105263158,44.34934210526316,38.01973684210526,1017.6401315789473,1.5513157894736842,False
GAS,Alpine,18.0,12.0,0.0,2024,17,Azerbaijan Grand Prix,Azerbaijan,Baku,2024-09-15,0,110.61432,108.018,109.6685,5.606843189226128,51,40.10002,45.14115686274509,26.223803921568628,25.019607843137255,2,26.70592105263158,44.34934210526316,38.01973684210526,1017.6401315789473,1.5513157894736842,False
RIC,RB,14.0,13.0,0.0,2024,17,Azerbaijan Grand Prix,Azerbaijan,Baku,2024-09-15,0,110.26922448979593,108.38,109.604,2.4224229284721845,51,40.56654,45.18331372549021,26.32762745098039,25.03921568627451,2,26.70592105263158,44.34934210526316,38.01973684210526,1017.6401315789473,1.5513157894736842,False
ZHO,Kick Sauber,17.0,14.0,0.0,2024,17,Azerbaijan Grand Prix,Azerbaijan,Baku,2024-09-15,0,110.67104081632654,107.644,110.317,3.5560436346637614,51,40.68894,45.11994117647059,26.29264705882353,15.666666666666666,2,26.70592105263158,44.34934210526316,38.01973684210526,1017.6401315789473,1.5513157894736842,False
OCO,Alpine,20.0,15.0,0.0,2024,17,Azerbaijan Grand Prix,Azerbaijan,Baku,2024-09-15,0,110.88244897959183,108.831,110.455,2.7932979019821147,50,40.38408163265306,45.231100000000005,26.131040000000002,27.46,2,26.70592105263158,44.34934210526316,38.01973684210526,1017.6401315789473,1.5513157894736842,False
BOT,Kick Sauber,16.0,16.0,0.0,2024,17,Azerbaijan Grand Prix,Azerbaijan,Baku,2024-09-15,0,111.2459387755102,108.418,109.708,4.310307753939788,50,40.52,44.992399999999996,26.367579999999997,17.92,2,26.70592105263158,44.34934210526316,38.01973684210526,1017.6401315789473,1.5513157894736842,False
PER,Red Bull Racing,4.0,17.0,0.0,2024,17,Azerbaijan Grand Prix,Azerbaijan,Baku,2024-09-15,0,108.59587755102041,107.013,107.96,2.6947628887084942,50,39.03270833333334,43.83032653061225,25.63651020408163,15.88,2,26.70592105263158,44.34934210526316,38.01973684210526,1017.6401315789473,1.5513157894736842,False
SAI,Ferrari,3.0,18.0,0.0,2024,17,Azerbaijan Grand Prix,Azerbaijan,Baku,2024-09-15,0,108.60751020408162,106.866,108.091,2.859270216640727,50,38.9239375,43.87265306122448,25.692448979591838,14.28,2,26.70592105263158,44.34934210526316,38.01973684210526,1017.6401315789473,1.5513157894736842,False
STR,Aston Martin,13.0,19.0,0.0,2024,17,Azerbaijan Grand Prix,Azerbaijan,Baku,2024-09-15,0,111.13511111111112,108.148,109.547,5.174296351908513,45,39.97054545454545,44.790333333333336,26.18422222222222,12.28888888888889,3,26.70592105263158,44.34934210526316,38.01973684210526,1017.6401315789473,1.5513157894736842,False
TSU,RB,11.0,20.0,0.0,2024,17,Azerbaijan Grand Prix,Azerbaijan,Baku,2024-09-15,0,115.90364285714286,110.887,112.803,6.85920198999566,14,42.15661538461539,45.98921428571429,27.309357142857145,6.785714285714286,2,26.70592105263158,44.34934210526316,38.01973684210526,1017.6401315789473,1.5513157894736842,False
NOR,McLaren,1.0,1.0,25.0,2024,18,Singapore Grand Prix,Singapore,Marina Bay,2024-09-22,1,97.62211290322581,94.925,96.9075,3.1302300711799615,62,29.09808196721312,41.013225806451615,27.477016129032258,16.016129032258064,2,30.786250000000003,36.445625,74.65,1008.024375,0.9550000000000001,False
VER,Red Bull Racing,2.0,2.0,18.0,2024,18,Singapore Grand Prix,Singapore,Marina Bay,2024-09-22,0,97.95993548387096,95.967,97.256,3.165740391326749,62,29.175229508196722,41.268306451612894,27.473483870967737,16.06451612903226,2,30.786250000000003,36.445625,74.65,1008.024375,0.9550000000000001,False
PIA,McLaren,5.0,3.0,15.0,2024,18,Singapore Grand Prix,Singapore,Marina Bay,2024-09-22,0,98.29667741935482,95.745,98.1695,3.030496960675276,62,29.125016393442625,41.596951612903226,27.50116129032258,16.79032258064516,2,30.786250000000003,36.445625,74.65,1008.024375,0.9550000000000001,False
RUS,Mercedes,4.0,4.0,12.0,2024,18,Singapore Grand Prix,Singapore,Marina Bay,2024-09-22,0,98.60662903225808,97.047,98.1765,2.7945858031104707,62,29.282491803278695,41.685354838709685,27.575129032258065,16.258064516129032,2,30.786250000000003,36.445625,74.65,1008.024375,0.9550000000000001,False
LEC,Ferrari,9.0,5.0,10.0,2024,18,Singapore Grand Prix,Singapore,Marina Bay,2024-09-22,0,98.62904838709677,95.371,98.658,3.1695401095138442,62,29.131049180327867,41.766548387096776,27.64393548387097,16.403225806451612,2,30.786250000000003,36.445625,74.65,1008.024375,0.9550000000000001,False
HAM,Mercedes,3.0,6.0,8.0,2024,18,Singapore Grand Prix,Singapore,Marina Bay,2024-09-22,0,98.99708064516128,97.393,98.3415,2.886339801964788,62,29.4656393442623,41.84445161290323,27.639016129032257,19.70967741935484,2,30.786250000000003,36.445625,74.65,1008.024375,0.9550000000000001,False
SAI,Ferrari,10.0,7.0,6.0,2024,18,Singapore Grand Prix,Singapore,Marina Bay,2024-09-22,0,99.17112903225807,96.561,98.51650000000001,2.960539065246096,62,29.309950819672125,41.96148387096774,27.795677419354842,21.225806451612904,2,30.786250000000003,36.445625,74.65,1008.024375,0.9550000000000001,False
ALO,Aston Martin,7.0,8.0,4.0,2024,18,Singapore Grand Prix,Singapore,Marina Bay,2024-09-22,0,99.2367868852459,97.741,98.573,3.06177848706028,61,29.328983333333333,42.114704918032785,27.713245901639343,17.24590163934426,2,30.786250000000003,36.445625,74.65,1008.024375,0.9550000000000001,False
HUL,Haas F1 Team,6.0,9.0,2.0,2024,18,Singapore Grand Prix,Singapore,Marina Bay,2024-09-22,0,99.27395081967214,97.47,98.649,3.3748749775669697,61,29.448333333333338,42.06626229508196,27.691737704918033,15.78688524590164,2,30.786250000000003,36.445625,74.65,1008.024375,0.9550000000000001,False
PER,Red Bull Racing,13.0,10.0,1.0,2024,18,Singapore Grand Prix,Singapore,Marina Bay,2024-09-22,0,99.2982786885246,97.477,98.722,2.9440126422461104,61,29.359749999999995,41.97996721311474,27.852114754098363,15.852459016393443,2,30.786250000000003,36.445625,74.65,1008.024375,0.9550000000000001,False
COL,Williams,12.0,11.0,0.0,2024,18,Singapore Grand Prix,Singapore,Marina Bay,2024-09-22,0,99.3254918032787,97.262,98.833,3.446566255579364,61,29.44025,41.91732786885246,27.876393442622952,15.78688524590164,2,30.786250000000003,36.445625,74.65,1008.024375,0.9550000000000001,False
TSU,RB,8.0,12.0,0.0,2024,18,Singapore Grand Prix,Singapore,Marina Bay,2024-09-22,0,99.36660655737705,96.393,99.034,3.538700487837724,61,29.447900000000004,41.99434426229509,27.822131147540983,17.229508196721312,2,30.786250000000003,36.445625,74.65,1008.024375,0.9550000000000001,False
OCO,Alpine,15.0,13.0,0.0,2024,18,Singapore Grand Prix,Singapore,Marina Bay,2024-09-22,0,99.943868852459,97.964,99.245,3.414810973174601,61,29.566750000000003,42.378540983606555,27.886475409836066,15.78688524590164,2,30.786250000000003,36.445625,74.65,1008.024375,0.9550000000000001,False
STR,Aston Martin,17.0,14.0,0.0,2024,18,Singapore Grand Prix,Singapore,Marina Bay,2024-09-22,0,100.00232786885245,97.851,99.511,3.501240269396505,61,29.49845,42.4177868852459,27.955377049180324,17.081967213114755,2,30.786250000000003,36.445625,74.65,1008.024375,0.9550000000000001,False
ZHO,Kick Sauber,20.0,15.0,0.0,2024,18,Singapore Grand Prix,Singapore,Marina Bay,2024-09-22,0,100.16050819672131,97.461,99.743,3.5277034485292322,61,29.558683333333327,42.349278688524585,28.115901639344262,15.950819672131148,2,30.786250000000003,36.445625,74.65,1008.024375,0.9550000000000001,False
BOT,Kick Sauber,19.0,16.0,0.0,2024,18,Singapore Grand Prix,Singapore,Marina Bay,2024-09-22,0,100.1704918032787,97.524,99.859,3.4838002890662896,61,29.61403333333334,42.427327868852466,27.995836065573773,15.852459016393443,2,30.786250000000003,36.445625,74.65,1008.024375,0.9550000000000001,False
GAS,Alpine,18.0,17.0,0.0,2024,18,Singapore Grand Prix,Singapore,Marina Bay,2024-09-22,0,100.19065573770492,96.927,99.498,3.8915881500369744,61,29.65945,42.449049180327876,27.956786885245904,16.442622950819672,2,30.786250000000003,36.445625,74.65,1008.024375,0.9550000000000001,False
RIC,RB,16.0,18.0,0.0,2024,18,Singapore Grand Prix,Singapore,Marina Bay,2024-09-22,0,100.69454098360656,94.486,99.251,5.178857665463077,61,30.268466666666665,42.15113114754098,28.1617868852459,13.344262295081966,4,30.786250000000003,36.445625,74.65,1008.024375,0.9550000000000001,False
MAG,Haas F1 Team,14.0,19.0,0.0,2024,18,Singapore Grand Prix,Singapore,Marina Bay,2024-09-22,0,100.7365357142857,94.754,99.4385,5.955778349145967,57,29.922607142857142,43.13177192982456,28.789684210526314,11.807017543859649,3,30.786250000000003,36.445625,74.65,1008.024375,0.9550000000000001,False
ALB,Williams,11.0,20.0,0.0,2024,18,Singapore Grand Prix,Singapore,Marina Bay,2024-09-22,0,104.04686666666666,96.888,99.762,9.863753261792581,15,31.122285714285713,43.06046666666668,29.463333333333328,5.066666666666666,2,30.786250000000003,36.445625,74.65,1008.024375,0.9550000000000001,False
LEC,Ferrari,4.0,1.0,25.0,2024,19,United States Grand Prix,United States,Austin,2024-10-20,1,99.80833333333332,97.834,99.0505,4.295551832671772,56,27.47956363636364,40.47467857142857,34.00001785714286,14.571428571428571,2,28.12129032258064,46.60193548387097,35.535483870967745,1006.5090322580643,1.5,False
SAI,Ferrari,3.0,2.0,18.0,2024,19,United States Grand Prix,United States,Austin,2024-10-20,0,99.99779629629629,97.763,99.0395,4.2531459183767595,56,27.508363636363637,40.512303571428575,34.069964285714285,15.375,2,28.12129032258064,46.60193548387097,35.535483870967745,1006.5090322580643,1.5,False
VER,Red Bull Racing,2.0,3.0,15.0,2024,19,United States Grand Prix,United States,Austin,2024-10-20,0,100.18392592592592,98.117,99.1485,4.252703898373327,56,27.489672727272726,40.68726785714286,34.11716071428572,14.660714285714286,2,28.12129032258064,46.60193548387097,35.535483870967745,1006.5090322580643,1.5,False
NOR,McLaren,1.0,4.0,12.0,2024,19,United States Grand Prix,United States,Austin,2024-10-20,0,100.15840740740741,97.679,99.53450000000001,4.489574054337233,56,27.522363636363636,40.55698214285714,34.12630357142857,14.660714285714286,2,28.12129032258064,46.60193548387097,35.535483870967745,1006.5090322580643,1.5,False
PIA,McLaren,5.0,5.0,10.0,2024,19,United States Grand Prix,United States,Austin,2024-10-20,0,101.22374545454547,97.883,99.65,8.028739265492806,56,27.582109090909093,40.64832142857143,34.08528571428572,14.785714285714286,2,28.12129032258064,46.60193548387097,35.535483870967745,1006.5090322580643,1.5,False
RUS,Mercedes,20.0,6.0,8.0,2024,19,United States Grand Prix,United States,Austin,2024-10-20,0,102.10569090909091,97.656,99.965,8.78684963953969,56,27.57690909090909,40.869660714285715,34.36633928571428,17.071428571428573,2,28.12129032258064,46.60193548387097,35.535483870967745,1006.5090322580643,1.5,False
PER,Red Bull Racing,9.0,7.0,6.0,2024,19,United States Grand Prix,United States,Austin,2024-10-20,0,101.15807407407408,98.514,100.11,5.222962453135418,56,27.45750909090909,41.087982142857136,34.41594642857143,14.571428571428571,2,28.12129032258064,46.60193548387097,35.535483870967745,1006.5090322580643,1.5,False
HUL,Haas F1 Team,11.0,8.0,4.0,2024,19,United States Grand Prix,United States,Austin,2024-10-20,0,102.16325454545454,98.404,100.338,8.597340321324575,56,27.732363636363637,40.98030357142857,34.30992857142858,14.517857142857142,2,28.12129032258064,46.60193548387097,35.535483870967745,1006.5090322580643,1.5,False
LAW,RB,19.0,9.0,2.0,2024,19,United States Grand Prix,United States,Austin,2024-10-20,0,101.46307407407409,98.091,100.6175,5.636991599807141,56,27.687763636363638,41.11233928571429,34.33233928571428,15.642857142857142,2,28.12129032258064,46.60193548387097,35.535483870967745,1006.5090322580643,1.5,False
COL,Williams,15.0,10.0,1.0,2024,19,United States Grand Prix,United States,Austin,2024-10-20,0,102.37798181818184,97.611,100.591,8.572212406181984,56,27.67336363636364,41.10823214285715,34.38607142857143,16.660714285714285,2,28.12129032258064,46.60193548387097,35.535483870967745,1006.5090322580643,1.5,False
MAG,Haas F1 Team,8.0,11.0,0.0,2024,19,United States Grand Prix,United States,Austin,2024-10-20,0,101.46892592592593,98.21,100.467,5.376607111566304,56,27.954272727272727,41.005874999999996,34.38732142857143,9.910714285714286,3,28.12129032258064,46.60193548387097,35.535483870967745,1006.5090322580643,1.5,False
GAS,Alpine,6.0,12.0,0.0,2024,19,United States Grand Prix,United States,Austin,2024-10-20,0,102.45436363636364,98.311,100.73,8.31770296229816,56,27.892236363636364,40.97423214285714,34.586464285714285,16.285714285714285,2,28.12129032258064,46.60193548387097,35.535483870967745,1006.5090322580643,1.5,False
ALO,Aston Martin,7.0,13.0,0.0,2024,19,United States Grand Prix,United States,Austin,2024-10-20,0,102.90420370370369,99.261,101.2345,8.373152361396263,55,27.838444444444445,41.340799999999994,34.60876363636363,14.818181818181818,2,28.12129032258064,46.60193548387097,35.535483870967745,1006.5090322580643,1.5,False
TSU,RB,10.0,14.0,0.0,2024,19,United States Grand Prix,United States,Austin,2024-10-20,0,102.00133962264151,99.193,101.002,5.4949812099608595,55,28.033722222222227,41.28219999999999,34.50707272727273,15.89090909090909,2,28.12129032258064,46.60193548387097,35.535483870967745,1006.5090322580643,1.5,False
STR,Aston Martin,13.0,15.0,0.0,2024,19,United States Grand Prix,United States,Austin,2024-10-20,0,102.34162264150943,99.214,101.498,5.617194499674175,55,28.0185,41.445581818181815,34.59223636363636,14.745454545454546,2,28.12129032258064,46.60193548387097,35.535483870967745,1006.5090322580643,1.5,False
ALB,Williams,14.0,16.0,0.0,2024,19,United States Grand Prix,United States,Austin,2024-10-20,0,103.17762962962964,99.084,101.618,7.921077140628337,55,28.317759259259258,41.2464909090909,34.47365454545455,13.163636363636364,3,28.12129032258064,46.60193548387097,35.535483870967745,1006.5090322580643,1.5,False
BOT,Kick Sauber,16.0,17.0,0.0,2024,19,United States Grand Prix,United States,Austin,2024-10-20,0,103.58574074074075,100.575,101.17,8.372695745381172,55,28.089185185185187,41.50045454545454,34.74469090909091,17.09090909090909,2,28.12129032258064,46.60193548387097,35.535483870967745,1006.5090322580643,1.5,False
OCO,Alpine,12.0,18.0,0.0,2024,19,United States Grand Prix,United States,Austin,2024-10-20,0,103.72374074074075,97.33,101.4705,8.977518271152388,55,28.23362962962963,41.41263636363637,34.66816363636363,13.236363636363636,3,28.12129032258064,46.60193548387097,35.535483870967745,1006.5090322580643,1.5,False
ZHO,Kick Sauber,18.0,19.0,0.0,2024,19,United States Grand Prix,United States,Austin,2024-10-20,0,104.70689090909089,99.272,101.474,11.04147729929477,55,28.626925925925928,41.49769090909091,34.49814545454545,10.072727272727272,3,28.12129032258064,46.60193548387097,35.535483870967745,1006.5090322580643,1.5,False
HAM,Mercedes,17.0,20.0,0.0,2024,19,United States Grand Prix,United States,Austin,2024-10-20,0,108.064,108.064,108.064,,2,,42.336,34.43,1.5,1,28.12129032258064,46.60193548387097,35.535483870967745,1006.5090322580643,1.5,False
SAI,Ferrari,1.0,1.0,25.0,2024,20,Mexico City Grand Prix,Mexico,Mexico City,2024-10-27,1,85.29295774647888,80.137,81.079,13.327951897568639,71,30.596714285714285,32.83559154929578,21.842464788732393,18.422535211267604,2,19.88867924528302,35.60251572327045,51.0503144654088,785.2528301886794,2.150943396226415,False
NOR,McLaren,3.0,2.0,18.0,2024,20,Mexico City Grand Prix,Mexico,Mexico City,2024-10-27,0,85.35922535211267,79.691,80.859,13.350856429668987,71,30.58824285714286,32.75461971830985,21.99132394366197,18.676056338028168,2,19.88867924528302,35.60251572327045,51.0503144654088,785.2528301886794,2.150943396226415,False
LEC,Ferrari,4.0,3.0,16.0,2024,20,Mexico City Grand Prix,Mexico,Mexico City,2024-10-27,0,85.77728169014082,78.336,81.262,13.414459218303103,71,30.79018571428571,32.89412676056339,22.065901408450706,17.549295774647888,3,19.88867924528302,35.60251572327045,51.0503144654088,785.2528301886794,2.150943396226415,False
HAM,Mercedes,6.0,4.0,12.0,2024,20,Mexico City Grand Prix,Mexico,Mexico City,2024-10-27,0,85.92366197183101,80.371,81.536,13.23520143291438,71,30.763071428571422,33.03561971830985,22.09345070422535,19.04225352112676,2,19.88867924528302,35.60251572327045,51.0503144654088,785.2528301886794,2.150943396226415,False
RUS,Mercedes,5.0,5.0,10.0,2024,20,Mexico City Grand Prix,Mexico,Mexico City,2024-10-27,0,85.97656338028169,80.731,81.708,13.217590405789224,71,30.9587,32.906774647887325,22.079732394366197,18.535211267605632,2,19.88867924528302,35.60251572327045,51.0503144654088,785.2528301886794,2.150943396226415,False
VER,Red Bull Racing,2.0,6.0,8.0,2024,20,Mexico City Grand Prix,Mexico,Mexico City,2024-10-27,0,86.1318028169014,80.872,81.58,13.769793089657954,71,31.23852857142856,32.85459154929578,22.029436619718307,19.52112676056338,2,19.88867924528302,35.60251572327045,51.0503144654088,785.2528301886794,2.150943396226415,False
MAG,Haas F1 Team,7.0,7.0,6.0,2024,20,Mexico City Grand Prix,Mexico,Mexico City,2024-10-27,0,86.18932394366198,80.637,81.946,13.177740814152854,71,30.885357142857142,33.054788732394364,22.214732394366195,18.676056338028168,2,19.88867924528302,35.60251572327045,51.0503144654088,785.2528301886794,2.150943396226415,False
PIA,McLaren,17.0,8.0,4.0,2024,20,Mexico City Grand Prix,Mexico,Mexico City,2024-10-27,0,86.20743661971831,80.064,82.667,13.658247978767154,71,31.159114285714285,32.95077464788732,22.018704225352117,18.422535211267604,2,19.88867924528302,35.60251572327045,51.0503144654088,785.2528301886794,2.150943396226415,False
HUL,Haas F1 Team,10.0,9.0,2.0,2024,20,Mexico City Grand Prix,Mexico,Mexico City,2024-10-27,0,86.5502857142857,80.748,82.2795,13.148745033126536,70,31.13027536231884,33.209457142857154,22.172285714285717,18.514285714285716,2,19.88867924528302,35.60251572327045,51.0503144654088,785.2528301886794,2.150943396226415,False
GAS,Alpine,8.0,10.0,1.0,2024,20,Mexico City Grand Prix,Mexico,Mexico City,2024-10-27,0,86.77695714285717,81.274,82.64,13.109406768032292,70,31.236852941176465,33.0697536231884,22.19172857142857,18.7,2,19.88867924528302,35.60251572327045,51.0503144654088,785.2528301886794,2.150943396226415,False
STR,Aston Martin,14.0,11.0,0.0,2024,20,Mexico City Grand Prix,Mexico,Mexico City,2024-10-27,0,86.8696,81.311,82.8675,13.177901291418781,70,31.368550724637686,33.27211428571429,22.17752857142857,20.15714285714286,2,19.88867924528302,35.60251572327045,51.0503144654088,785.2528301886794,2.150943396226415,False
COL,Williams,16.0,12.0,0.0,2024,20,Mexico City Grand Prix,Mexico,Mexico City,2024-10-27,0,86.90424285714286,80.09,83.061,13.329488410587699,70,31.428898550724647,33.31298571428572,22.098185714285712,20.057142857142857,2,19.88867924528302,35.60251572327045,51.0503144654088,785.2528301886794,2.150943396226415,False
OCO,Alpine,0.0,13.0,0.0,2024,20,Mexico City Grand Prix,Mexico,Mexico City,2024-10-27,0,87.07804285714285,80.659,83.245,13.640148281564398,70,31.460478260869575,33.176742857142855,22.289614285714283,20.414285714285715,2,19.88867924528302,35.60251572327045,51.0503144654088,785.2528301886794,2.150943396226415,False
BOT,Kick Sauber,15.0,14.0,0.0,2024,20,Mexico City Grand Prix,Mexico,Mexico City,2024-10-27,0,87.11467142857144,81.085,83.30799999999999,13.36719196414932,70,31.611724637681164,33.13218571428572,22.308985714285715,21.8,2,19.88867924528302,35.60251572327045,51.0503144654088,785.2528301886794,2.150943396226415,False
ZHO,Kick Sauber,19.0,15.0,0.0,2024,20,Mexico City Grand Prix,Mexico,Mexico City,2024-10-27,0,87.39317142857142,81.553,83.5305,13.377254118028192,70,31.691405797101446,33.41952857142857,22.216700000000003,19.914285714285715,2,19.88867924528302,35.60251572327045,51.0503144654088,785.2528301886794,2.150943396226415,False
LAW,RB,12.0,16.0,0.0,2024,20,Mexico City Grand Prix,Mexico,Mexico City,2024-10-27,0,87.43237142857143,79.502,83.1095,13.409921973609777,70,31.76684057971015,33.304271428571425,22.322757142857142,16.37142857142857,3,19.88867924528302,35.60251572327045,51.0503144654088,785.2528301886794,2.150943396226415,False
PER,Red Bull Racing,18.0,17.0,0.0,2024,20,Mexico City Grand Prix,Mexico,Mexico City,2024-10-27,0,87.55834285714286,79.209,82.816,13.511984284369015,70,32.03457971014493,33.221357142857144,22.25331428571429,11.628571428571428,4,19.88867924528302,35.60251572327045,51.0503144654088,785.2528301886794,2.150943396226415,False
ALO,Aston Martin,13.0,18.0,0.0,2024,20,Mexico City Grand Prix,Mexico,Mexico City,2024-10-27,0,101.74926666666667,82.722,84.366,23.102707359796188,15,40.10261538461538,37.816285714285705,25.1718,9.0,1,19.88867924528302,35.60251572327045,51.0503144654088,785.2528301886794,2.150943396226415,False
ALB,Williams,9.0,19.0,0.0,2024,20,Mexico City Grand Prix,Mexico,Mexico City,2024-10-27,0,,,,,1,,,,1.0,1,19.88867924528302,35.60251572327045,51.0503144654088,785.2528301886794,2.150943396226415,False
TSU,RB,11.0,20.0,0.0,2024,20,Mexico City Grand Prix,Mexico,Mexico City,2024-10-27,0,,,,,1,,,,1.0,1,19.88867924528302,35.60251572327045,51.0503144654088,785.2528301886794,2.150943396226415,False
VER,Red Bull Racing,17.0,1.0,26.0,2024,21,São Paulo Grand Prix,Brazil,São Paulo,2024-11-03,1,88.0506119402985,80.472,84.269,12.761295774611918,69,22.54929850746269,46.99202898550725,20.22853623188406,17.840579710144926,2,21.662686567164172,25.769651741293536,85.2587064676617,926.4567164179103,0.735820895522388,True
OCO,Alpine,4.0,2.0,18.0,2024,21,São Paulo Grand Prix,Brazil,São Paulo,2024-11-03,0,88.32616417910448,81.771,84.504,12.954261076896449,69,22.619552238805973,47.2145652173913,20.24079710144927,19.840579710144926,2,21.662686567164172,25.769651741293536,85.2587064676617,926.4567164179103,0.735820895522388,True
GAS,Alpine,13.0,3.0,15.0,2024,21,São Paulo Grand Prix,Brazil,São Paulo,2024-11-03,0,88.44259701492538,81.645,84.41,12.013281042069588,69,22.577582089552237,47.161,20.441000000000003,17.840579710144926,2,21.662686567164172,25.769651741293536,85.2587064676617,926.4567164179103,0.735820895522388,True
RUS,Mercedes,2.0,4.0,12.0,2024,21,São Paulo Grand Prix,Brazil,São Paulo,2024-11-03,0,88.50752238805971,81.645,84.383,12.642938821380014,69,22.963,46.7889420289855,20.375927536231885,19.217391304347824,3,21.662686567164172,25.769651741293536,85.2587064676617,926.4567164179103,0.735820895522388,True
LEC,Ferrari,6.0,5.0,10.0,2024,21,São Paulo Grand Prix,Brazil,São Paulo,2024-11-03,0,88.65179104477613,81.631,84.672,11.105269594830103,69,22.894477611940296,46.80911594202898,20.440521739130435,17.71014492753623,3,21.662686567164172,25.769651741293536,85.2587064676617,926.4567164179103,0.735820895522388,True
NOR,McLaren,1.0,6.0,8.0,2024,21,São Paulo Grand Prix,Brazil,São Paulo,2024-11-03,0,88.59928358208957,81.517,84.446,12.387727571595192,69,22.929358208955225,46.88079710144928,20.44827536231884,19.81159420289855,3,21.662686567164172,25.769651741293536,85.2587064676617,926.4567164179103,0.735820895522388,True
TSU,RB,3.0,7.0,6.0,2024,21,São Paulo Grand Prix,Brazil,São Paulo,2024-11-03,0,88.80149253731345,81.828,84.762,11.32632833520032,69,22.921044776119402,47.04900000000001,20.373782608695652,19.043478260869566,3,21.662686567164172,25.769651741293536,85.2587064676617,926.4567164179103,0.735820895522388,True
PIA,McLaren,8.0,8.0,4.0,2024,21,São Paulo Grand Prix,Brazil,São Paulo,2024-11-03,0,88.7619552238806,81.532,84.869,11.318567212345782,69,22.997611940298512,46.692652173913054,20.501898550724643,18.420289855072465,3,21.662686567164172,25.769651741293536,85.2587064676617,926.4567164179103,0.735820895522388,True
LAW,RB,5.0,9.0,2.0,2024,21,São Paulo Grand Prix,Brazil,São Paulo,2024-11-03,0,89.1299104477612,82.123,84.834,10.819662263999298,69,23.124805970149254,46.7592608695652,20.539478260869565,19.91304347826087,3,21.662686567164172,25.769651741293536,85.2587064676617,926.4567164179103,0.735820895522388,True
HAM,Mercedes,14.0,10.0,1.0,2024,21,São Paulo Grand Prix,Brazil,São Paulo,2024-11-03,0,89.13016417910445,82.041,84.825,10.563208099409227,69,22.92449253731343,46.85847826086957,20.61427536231884,15.884057971014492,3,21.662686567164172,25.769651741293536,85.2587064676617,926.4567164179103,0.735820895522388,True
PER,Red Bull Racing,12.0,11.0,0.0,2024,21,São Paulo Grand Prix,Brazil,São Paulo,2024-11-03,0,89.38244776119404,82.143,85.253,11.06910598246388,69,22.977597014925372,47.065550724637674,20.394536231884064,16.246376811594203,3,21.662686567164172,25.769651741293536,85.2587064676617,926.4567164179103,0.735820895522388,True
BEA,Haas F1 Team,15.0,12.0,0.0,2024,21,São Paulo Grand Prix,Brazil,São Paulo,2024-11-03,0,89.37219402985076,82.494,85.027,10.775314148888492,69,23.139313432835824,46.98973913043478,20.43410144927536,15.884057971014492,3,21.662686567164172,25.769651741293536,85.2587064676617,926.4567164179103,0.735820895522388,True
BOT,Kick Sauber,11.0,13.0,0.0,2024,21,São Paulo Grand Prix,Brazil,São Paulo,2024-11-03,0,89.53307462686567,82.877,85.203,10.207474947183401,69,22.89525373134328,47.110942028985505,20.57208695652174,17.840579710144926,2,21.662686567164172,25.769651741293536,85.2587064676617,926.4567164179103,0.735820895522388,True
ALO,Aston Martin,9.0,14.0,0.0,2024,21,São Paulo Grand Prix,Brazil,São Paulo,2024-11-03,0,89.4820895522388,82.293,84.702,11.118590125811739,69,23.1834776119403,46.78111594202898,20.857594202898547,16.10144927536232,3,21.662686567164172,25.769651741293536,85.2587064676617,926.4567164179103,0.735820895522388,True
ZHO,Kick Sauber,19.0,15.0,0.0,2024,21,São Paulo Grand Prix,Brazil,São Paulo,2024-11-03,0,90.41636363636364,83.058,86.05199999999999,11.548414790499455,69,24.50264179104477,47.57311594202898,20.734376811594203,16.6231884057971,5,21.662686567164172,25.769651741293536,85.2587064676617,926.4567164179103,0.735820895522388,True
SAI,Ferrari,20.0,16.0,0.0,2024,21,São Paulo Grand Prix,Brazil,São Paulo,2024-11-03,0,90.7143888888889,84.201,86.176,10.668132575312534,39,23.853249999999996,47.712315789473685,20.952,10.794871794871796,3,21.662686567164172,25.769651741293536,85.2587064676617,926.4567164179103,0.735820895522388,True
COL,Williams,16.0,17.0,0.0,2024,21,São Paulo Grand Prix,Brazil,São Paulo,2024-11-03,0,90.27536666666668,84.296,85.79849999999999,11.138734947929674,30,23.702310344827584,46.90503333333333,19.40226666666667,12.033333333333333,2,21.662686567164172,25.769651741293536,85.2587064676617,926.4567164179103,0.735820895522388,True
ALB,Williams,7.0,18.0,0.0,2024,21,São Paulo Grand Prix,Brazil,São Paulo,2024-11-03,0,,,,,0,,,,,0,21.662686567164172,25.769651741293536,85.2587064676617,926.4567164179103,0.735820895522388,True
STR,Aston Martin,10.0,19.0,0.0,2024,21,São Paulo Grand Prix,Brazil,São Paulo,2024-11-03,0,,,,,1,,,,1.0,1,21.662686567164172,25.769651741293536,85.2587064676617,926.4567164179103,0.735820895522388,True
HUL,Haas F1 Team,18.0,20.0,0.0,2024,21,São Paulo Grand Prix,Brazil,São Paulo,2024-11-03,0,88.30792592592591,83.764,85.005,9.431618308507767,30,25.989464285714284,47.08686666666667,21.23336666666667,11.066666666666666,4,21.662686567164172,25.769651741293536,85.2587064676617,926.4567164179103,0.735820895522388,True
RUS,Mercedes,1.0,1.0,25.0,2024,22,Las Vegas Grand Prix,United States,Las Vegas,2024-11-23,1,98.51938,95.717,97.73150000000001,3.600089930225951,50,28.588775510204083,32.80762,37.02796,10.18,3,17.825174825174823,17.723776223776223,47.86013986013986,935.8923076923078,2.8986013986013983,False
HAM,Mercedes,10.0,2.0,18.0,2024,22,Las Vegas Grand Prix,United States,Las Vegas,2024-11-23,0,98.66564,95.48,97.339,3.9618265358806615,50,28.6189387755102,33.05808,36.82324,10.18,3,17.825174825174823,17.723776223776223,47.86013986013986,935.8923076923078,2.8986013986013983,False
SAI,Ferrari,2.0,3.0,15.0,2024,22,Las Vegas Grand Prix,United States,Las Vegas,2024-11-23,0,98.75749999999998,95.875,97.7685,3.8272265508365932,50,28.667204081632654,33.12613999999999,36.856700000000004,9.58,3,17.825174825174823,17.723776223776223,47.86013986013986,935.8923076923078,2.8986013986013983,False
LEC,Ferrari,4.0,4.0,12.0,2024,22,Las Vegas Grand Prix,United States,Las Vegas,2024-11-23,0,98.80503999999999,95.674,97.964,3.9379905523253966,50,28.83624489795918,33.07614,36.78974,9.76,3,17.825174825174823,17.723776223776223,47.86013986013986,935.8923076923078,2.8986013986013983,False
VER,Red Bull Racing,5.0,5.0,10.0,2024,22,Las Vegas Grand Prix,United States,Las Vegas,2024-11-23,0,98.85102,96.248,97.7045,3.8000293043445796,50,28.705938775510205,32.9855,37.03404,9.56,3,17.825174825174823,17.723776223776223,47.86013986013986,935.8923076923078,2.8986013986013983,False
NOR,McLaren,6.0,6.0,9.0,2024,22,Las Vegas Grand Prix,United States,Las Vegas,2024-11-23,0,99.38707999999998,94.876,98.35849999999999,4.239733000064595,50,29.067122448979596,33.18288,37.01072,9.16,4,17.825174825174823,17.723776223776223,47.86013986013986,935.8923076923078,2.8986013986013983,False
PIA,McLaren,8.0,7.0,6.0,2024,22,Las Vegas Grand Prix,United States,Las Vegas,2024-11-23,0,99.54668,96.598,98.32849999999999,4.351445687237702,50,29.065693877551016,33.38864,36.94672,10.0,3,17.825174825174823,17.723776223776223,47.86013986013986,935.8923076923078,2.8986013986013983,False
HUL,Haas F1 Team,9.0,8.0,4.0,2024,22,Las Vegas Grand Prix,United States,Las Vegas,2024-11-23,0,99.71553999999998,96.585,98.57,3.9303412024600473,50,29.059408163265307,33.41102,37.10802,8.96,3,17.825174825174823,17.723776223776223,47.86013986013986,935.8923076923078,2.8986013986013983,False
TSU,RB,7.0,9.0,2.0,2024,22,Las Vegas Grand Prix,United States,Las Vegas,2024-11-23,0,99.77554,96.957,98.5625,3.856877954977554,50,29.191714285714287,33.26326,37.194520000000004,10.32,3,17.825174825174823,17.723776223776223,47.86013986013986,935.8923076923078,2.8986013986013983,False
PER,Red Bull Racing,15.0,10.0,1.0,2024,22,Las Vegas Grand Prix,United States,Las Vegas,2024-11-23,0,99.78165999999999,96.326,98.34299999999999,4.363408621755262,50,28.994204081632653,33.30808,37.29192,8.88,3,17.825174825174823,17.723776223776223,47.86013986013986,935.8923076923078,2.8986013986013983,False
ALO,Aston Martin,16.0,11.0,0.0,2024,22,Las Vegas Grand Prix,United States,Las Vegas,2024-11-23,0,99.90327999999998,96.553,98.595,4.016737218089287,50,29.15269387755102,33.42694,37.15028,12.34,3,17.825174825174823,17.723776223776223,47.86013986013986,935.8923076923078,2.8986013986013983,False
MAG,Haas F1 Team,12.0,12.0,0.0,2024,22,Las Vegas Grand Prix,United States,Las Vegas,2024-11-23,0,99.91544,96.557,99.05850000000001,3.748419460987551,50,28.929755102040815,33.55176,37.26218,14.28,2,17.825174825174823,17.723776223776223,47.86013986013986,935.8923076923078,2.8986013986013983,False
ZHO,Kick Sauber,13.0,13.0,0.0,2024,22,Las Vegas Grand Prix,United States,Las Vegas,2024-11-23,0,100.00108000000002,96.324,99.331,4.346620929374157,50,29.049571428571426,33.520160000000004,37.26988,10.24,3,17.825174825174823,17.723776223776223,47.86013986013986,935.8923076923078,2.8986013986013983,False
COL,Williams,20.0,14.0,0.0,2024,22,Las Vegas Grand Prix,United States,Las Vegas,2024-11-23,0,100.02282,96.867,98.512,4.186477539821344,50,29.190408163265303,33.54046,37.0318,9.82,3,17.825174825174823,17.723776223776223,47.86013986013986,935.8923076923078,2.8986013986013983,False
STR,Aston Martin,18.0,15.0,0.0,2024,22,Las Vegas Grand Prix,United States,Las Vegas,2024-11-23,0,100.20142000000001,97.179,98.65100000000001,5.482762960145447,50,29.538857142857147,33.351060000000004,37.12114,10.76,3,17.825174825174823,17.723776223776223,47.86013986013986,935.8923076923078,2.8986013986013983,False
LAW,RB,14.0,16.0,0.0,2024,22,Las Vegas Grand Prix,United States,Las Vegas,2024-11-23,0,100.33948000000001,96.98,99.41,4.121489067345065,50,29.260204081632654,33.35116,37.549459999999996,11.22,3,17.825174825174823,17.723776223776223,47.86013986013986,935.8923076923078,2.8986013986013983,False
OCO,Alpine,11.0,17.0,0.0,2024,22,Las Vegas Grand Prix,United States,Las Vegas,2024-11-23,0,100.57202040816327,96.511,99.388,4.295546732226469,49,29.56041666666667,33.49673469387755,37.35604081632653,13.244897959183673,4,17.825174825174823,17.723776223776223,47.86013986013986,935.8923076923078,2.8986013986013983,False
BOT,Kick Sauber,19.0,18.0,0.0,2024,22,Las Vegas Grand Prix,United States,Las Vegas,2024-11-23,0,100.76028571428571,96.601,99.581,4.512927380500008,49,29.420187499999997,33.68104081632653,37.43610204081632,8.755102040816327,3,17.825174825174823,17.723776223776223,47.86013986013986,935.8923076923078,2.8986013986013983,False
ALB,Williams,17.0,19.0,0.0,2024,22,Las Vegas Grand Prix,United States,Las Vegas,2024-11-23,0,101.28084000000001,98.008,99.537,4.783981567690244,25,29.39566666666667,33.70932,37.801320000000004,7.24,2,17.825174825174823,17.723776223776223,47.86013986013986,935.8923076923078,2.8986013986013983,False
GAS,Alpine,3.0,20.0,0.0,2024,22,Las Vegas Grand Prix,United States,Las Vegas,2024-11-23,0,102.46486666666668,98.314,99.956,5.300991738299901,15,30.28392857142857,33.71773333333333,38.21273333333333,4.666666666666667,2,17.825174825174823,17.723776223776223,47.86013986013986,935.8923076923078,2.8986013986013983,False
VER,Red Bull Racing,2.0,1.0,25.0,2024,23,Qatar Grand Prix,Qatar,Lusail,2024-12-01,1,91.00656603773585,82.905,84.896,17.246280848244258,57,35.459250000000004,31.198543859649124,29.24335087719298,15.491228070175438,4,18.926490066225167,22.773509933774836,57.25165562913907,1015.5000000000002,1.6576158940397352,False
LEC,Ferrari,5.0,2.0,18.0,2024,23,Qatar Grand Prix,Qatar,Lusail,2024-12-01,0,93.57574545454546,83.242,85.323,19.84123800201301,57,35.37326785714286,31.273280701754388,29.328087719298242,16.105263157894736,4,18.926490066225167,22.773509933774836,57.25165562913907,1015.5000000000002,1.6576158940397352,False
PIA,McLaren,4.0,3.0,15.0,2024,23,Qatar Grand Prix,Qatar,Lusail,2024-12-01,0,94.76075000000002,83.218,85.5755,20.546400012256075,57,35.388285714285715,31.484912280701757,29.107105263157894,15.280701754385966,4,18.926490066225167,22.773509933774836,57.25165562913907,1015.5000000000002,1.6576158940397352,False
RUS,Mercedes,1.0,4.0,12.0,2024,23,Qatar Grand Prix,Qatar,Lusail,2024-12-01,0,96.04257894736843,83.355,85.973,20.913836882336472,57,35.50730357142857,31.36840350877193,29.16808771929825,11.052631578947368,5,18.926490066225167,22.773509933774836,57.25165562913907,1015.5000000000002,1.6576158940397352,False
GAS,Alpine,11.0,5.0,10.0,2024,23,Qatar Grand Prix,Qatar,Lusail,2024-12-01,0,96.1772807017544,83.705,86.514,20.747899673180676,57,34.99725,31.740526315789474,29.36540350877193,15.491228070175438,4,18.926490066225167,22.773509933774836,57.25165562913907,1015.5000000000002,1.6576158940397352,False
SAI,Ferrari,7.0,6.0,8.0,2024,23,Qatar Grand Prix,Qatar,Lusail,2024-12-01,0,96.18945614035087,83.465,85.568,21.043655491170675,57,35.24657142857143,31.658807017543857,29.25654385964912,15.87719298245614,4,18.926490066225167,22.773509933774836,57.25165562913907,1015.5000000000002,1.6576158940397352,False
ALO,Aston Martin,8.0,7.0,6.0,2024,23,Qatar Grand Prix,Qatar,Lusail,2024-12-01,0,96.23140350877192,83.667,86.687,20.31913577839131,57,35.319607142857144,31.6810701754386,29.185719298245616,17.333333333333332,4,18.926490066225167,22.773509933774836,57.25165562913907,1015.5000000000002,1.6576158940397352,False
ZHO,Kick Sauber,12.0,8.0,4.0,2024,23,Qatar Grand Prix,Qatar,Lusail,2024-12-01,0,96.32777192982456,83.889,86.609,20.248434034704246,57,35.104214285714285,31.726789473684214,29.356438596491227,15.491228070175438,4,18.926490066225167,22.773509933774836,57.25165562913907,1015.5000000000002,1.6576158940397352,False
MAG,Haas F1 Team,10.0,9.0,2.0,2024,23,Qatar Grand Prix,Qatar,Lusail,2024-12-01,0,96.44736842105264,84.259,86.65,19.384703388267972,57,35.43528571428571,31.637333333333334,29.318491228070176,14.789473684210526,4,18.926490066225167,22.773509933774836,57.25165562913907,1015.5000000000002,1.6576158940397352,False
NOR,McLaren,3.0,10.0,2.0,2024,23,Qatar Grand Prix,Qatar,Lusail,2024-12-01,0,92.8209259259259,82.384,85.143,18.897872535599557,57,35.89848214285714,31.22545614035088,29.40061403508772,15.491228070175438,5,18.926490066225167,22.773509933774836,57.25165562913907,1015.5000000000002,1.6576158940397352,False
BOT,Kick Sauber,13.0,11.0,0.0,2024,23,Qatar Grand Prix,Qatar,Lusail,2024-12-01,0,94.44319999999999,85.533,87.753,16.141041198689067,57,35.43889285714286,31.740052631578948,29.524403508771925,13.947368421052632,4,18.926490066225167,22.773509933774836,57.25165562913907,1015.5000000000002,1.6576158940397352,False
HAM,Mercedes,6.0,12.0,0.0,2024,23,Qatar Grand Prix,Qatar,Lusail,2024-12-01,0,94.06752727272729,83.865,86.532,17.54151299679805,57,35.65225,31.94140350877193,29.22754385964912,15.280701754385966,5,18.926490066225167,22.773509933774836,57.25165562913907,1015.5000000000002,1.6576158940397352,False
TSU,RB,14.0,13.0,0.0,2024,23,Qatar Grand Prix,Qatar,Lusail,2024-12-01,0,96.9547894736842,86.144,87.574,19.14320283951688,57,35.972,31.850228070175437,29.087070175438598,14.0,5,18.926490066225167,22.773509933774836,57.25165562913907,1015.5000000000002,1.6576158940397352,False
LAW,RB,17.0,14.0,0.0,2024,23,Qatar Grand Prix,Qatar,Lusail,2024-12-01,0,95.86683928571429,86.076,87.57,17.573326340872185,57,36.31035714285714,31.706070175438597,28.911614035087716,14.0,5,18.926490066225167,22.773509933774836,57.25165562913907,1015.5000000000002,1.6576158940397352,False
ALB,Williams,16.0,15.0,0.0,2024,23,Qatar Grand Prix,Qatar,Lusail,2024-12-01,0,97.82664285714286,85.559,87.578,19.588827256584597,56,36.22692727272727,32.06825,29.372732142857142,15.017857142857142,5,18.926490066225167,22.773509933774836,57.25165562913907,1015.5000000000002,1.6576158940397352,False
HUL,Haas F1 Team,18.0,16.0,0.0,2024,23,Qatar Grand Prix,Qatar,Lusail,2024-12-01,0,98.32071794871794,85.767,87.908,19.691261533654327,40,36.18592105263158,31.790179487179486,29.642692307692307,12.775,5,18.926490066225167,22.773509933774836,57.25165562913907,1015.5000000000002,1.6576158940397352,False
PER,Red Bull Racing,9.0,17.0,0.0,2024,23,Qatar Grand Prix,Qatar,Lusail,2024-12-01,0,95.4564054054054,85.288,86.455,20.23627621577352,39,35.94205405405406,32.070815789473684,29.059842105263154,16.41025641025641,4,18.926490066225167,22.773509933774836,57.25165562913907,1015.5000000000002,1.6576158940397352,False
STR,Aston Martin,15.0,18.0,0.0,2024,23,Qatar Grand Prix,Qatar,Lusail,2024-12-01,0,121.44525,90.935,132.94650000000001,23.63425107610925,8,46.57842857142857,36.625875,38.636874999999996,2.875,3,18.926490066225167,22.773509933774836,57.25165562913907,1015.5000000000002,1.6576158940397352,False
COL,Williams,19.0,19.0,0.0,2024,23,Qatar Grand Prix,Qatar,Lusail,2024-12-01,0,,,,,1,,,,1.0,1,18.926490066225167,22.773509933774836,57.25165562913907,1015.5000000000002,1.6576158940397352,False
OCO,Alpine,20.0,20.0,0.0,2024,23,Qatar Grand Prix,Qatar,Lusail,2024-12-01,0,,,,,1,,,,1.0,1,18.926490066225167,22.773509933774836,57.25165562913907,1015.5000000000002,1.6576158940397352,False
NOR,McLaren,1.0,1.0,25.0,2024,24,Abu Dhabi Grand Prix,United Arab Emirates,Yas Island,2024-12-08,1,89.53949999999999,87.438,88.4265,4.079568846543004,58,18.372877192982454,38.4721551724138,32.66536206896552,15.155172413793103,2,26.76824324324324,31.805405405405406,51.445945945945944,1017.4263513513514,1.9006756756756753,False
SAI,Ferrari,3.0,2.0,18.0,2024,24,Abu Dhabi Grand Prix,United Arab Emirates,Yas Island,2024-12-08,0,89.64005172413792,87.765,88.479,4.156829136609043,58,18.369789473684214,38.36603448275862,32.846758620689656,15.275862068965518,2,26.76824324324324,31.805405405405406,51.445945945945944,1017.4263513513514,1.9006756756756753,False
LEC,Ferrari,19.0,3.0,15.0,2024,24,Abu Dhabi Grand Prix,United Arab Emirates,Yas Island,2024-12-08,0,90.08998275862069,88.018,88.67599999999999,4.431214769454405,58,18.366175438596493,38.52874137931035,33.093310344827586,16.396551724137932,2,26.76824324324324,31.805405405405406,51.445945945945944,1017.4263513513514,1.9006756756756753,False
HAM,Mercedes,16.0,4.0,12.0,2024,24,Abu Dhabi Grand Prix,United Arab Emirates,Yas Island,2024-12-08,0,90.1685172413793,87.278,89.6605,4.870169895957121,58,18.23587719298246,38.78386206896552,33.04351724137931,15.844827586206897,2,26.76824324324324,31.805405405405406,51.445945945945944,1017.4263513513514,1.9006756756756753,False
RUS,Mercedes,6.0,5.0,10.0,2024,24,Abu Dhabi Grand Prix,United Arab Emirates,Yas Island,2024-12-08,0,90.18670689655174,88.195,88.9085,4.205957116217469,58,18.254684210526317,38.71312068965517,33.13984482758621,15.60344827586207,2,26.76824324324324,31.805405405405406,51.445945945945944,1017.4263513513514,1.9006756756756753,False
VER,Red Bull Racing,4.0,6.0,8.0,2024,24,Abu Dhabi Grand Prix,United Arab Emirates,Yas Island,2024-12-08,0,90.39893103448276,87.765,89.4285,5.512578308667861,58,18.49271929824561,38.72053448275863,33.07977586206897,15.0,2,26.76824324324324,31.805405405405406,51.445945945945944,1017.4263513513514,1.9006756756756753,False
GAS,Alpine,5.0,7.0,6.0,2024,24,Abu Dhabi Grand Prix,United Arab Emirates,Yas Island,2024-12-08,0,90.79053448275862,89.212,89.65,4.0672500309889426,58,18.428964912280698,38.93396551724139,33.36258620689655,18.879310344827587,2,26.76824324324324,31.805405405405406,51.445945945945944,1017.4263513513514,1.9006756756756753,False
HUL,Haas F1 Team,7.0,8.0,4.0,2024,24,Abu Dhabi Grand Prix,United Arab Emirates,Yas Island,2024-12-08,0,90.84215517241378,89.152,89.7865,4.079992211902285,58,18.50194736842105,38.77148275862069,33.4895,19.413793103448278,2,26.76824324324324,31.805405405405406,51.445945945945944,1017.4263513513514,1.9006756756756753,False
ALO,Aston Martin,8.0,9.0,2.0,2024,24,Abu Dhabi Grand Prix,United Arab Emirates,Yas Island,2024-12-08,0,90.95972413793103,87.948,89.7705,5.085085380411406,58,18.727614035087715,38.86968965517242,33.284810344827584,11.724137931034482,3,26.76824324324324,31.805405405405406,51.445945945945944,1017.4263513513514,1.9006756756756753,False
PIA,McLaren,2.0,10.0,1.0,2024,24,Abu Dhabi Grand Prix,United Arab Emirates,Yas Island,2024-12-08,0,90.98468965517242,87.69,89.58699999999999,6.7916177237463184,58,18.882964912280702,38.677982758620686,33.23262068965517,13.224137931034482,3,26.76824324324324,31.805405405405406,51.445945945945944,1017.4263513513514,1.9006756756756753,False
ALB,Williams,18.0,11.0,0.0,2024,24,Abu Dhabi Grand Prix,United Arab Emirates,Yas Island,2024-12-08,0,91.3077543859649,89.438,90.058,4.985245707086569,57,18.522678571428575,38.962298245614036,33.71112280701754,19.526315789473685,2,26.76824324324324,31.805405405405406,51.445945945945944,1017.4263513513514,1.9006756756756753,False
TSU,RB,11.0,12.0,0.0,2024,24,Abu Dhabi Grand Prix,United Arab Emirates,Yas Island,2024-12-08,0,91.36892982456139,89.2,89.911,5.1830670383045305,57,18.470910714285715,39.126035087719295,33.648666666666664,15.491228070175438,2,26.76824324324324,31.805405405405406,51.445945945945944,1017.4263513513514,1.9006756756756753,False
ZHO,Kick Sauber,15.0,13.0,0.0,2024,24,Abu Dhabi Grand Prix,United Arab Emirates,Yas Island,2024-12-08,0,91.41394736842103,87.982,90.017,6.237632341627975,57,18.915767857142857,39.005859649122804,33.387912280701755,11.0,3,26.76824324324324,31.805405405405406,51.445945945945944,1017.4263513513514,1.9006756756756753,False
STR,Aston Martin,13.0,14.0,0.0,2024,24,Abu Dhabi Grand Prix,United Arab Emirates,Yas Island,2024-12-08,0,91.34673684210526,88.604,90.05,5.1975460333504495,57,18.79430357142857,38.835473684210534,33.62252631578947,11.473684210526315,3,26.76824324324324,31.805405405405406,51.445945945945944,1017.4263513513514,1.9006756756756753,False
DOO,Alpine,17.0,15.0,0.0,2024,24,Abu Dhabi Grand Prix,United Arab Emirates,Yas Island,2024-12-08,0,91.5762456140351,89.121,90.404,5.119091807986695,57,18.409214285714285,39.289,33.76198245614035,15.491228070175438,2,26.76824324324324,31.805405405405406,51.445945945945944,1017.4263513513514,1.9006756756756753,False
MAG,Haas F1 Team,14.0,16.0,0.0,2024,24,Abu Dhabi Grand Prix,United Arab Emirates,Yas Island,2024-12-08,0,92.47171929824562,85.637,90.25,7.251481525361328,57,19.673928571428572,38.91529824561403,33.80938596491228,9.929824561403509,5,26.76824324324324,31.805405405405406,51.445945945945944,1017.4263513513514,1.9006756756756753,False
LAW,RB,12.0,17.0,0.0,2024,24,Abu Dhabi Grand Prix,United Arab Emirates,Yas Island,2024-12-08,0,92.30816363636363,88.751,89.869,7.1687803879394325,56,19.492555555555555,39.124981818181816,33.609981818181815,14.946428571428571,4,26.76824324324324,31.805405405405406,51.445945945945944,1017.4263513513514,1.9006756756756753,False
BOT,Kick Sauber,9.0,18.0,0.0,2024,24,Abu Dhabi Grand Prix,United Arab Emirates,Yas Island,2024-12-08,0,94.90933333333332,89.482,90.2885,12.734899632257735,30,19.66096551724138,40.31266666666666,34.80376666666667,10.7,2,26.76824324324324,31.805405405405406,51.445945945945944,1017.4263513513514,1.9006756756756753,False
COL,Williams,20.0,19.0,0.0,2024,24,Abu Dhabi Grand Prix,United Arab Emirates,Yas Island,2024-12-08,0,95.01653846153847,89.411,90.352,10.855300667345036,26,19.31876,39.97861538461538,35.48988461538461,10.846153846153847,2,26.76824324324324,31.805405405405406,51.445945945945944,1017.4263513513514,1.9006756756756753,False
PER,Red Bull Racing,10.0,20.0,0.0,2024,24,Abu Dhabi Grand Prix,United Arab Emirates,Yas Island,2024-12-08,0,,,,,1,,,,1.0,1,26.76824324324324,31.805405405405406,51.445945945945944,1017.4263513513514,1.9006756756756753,False
